fips,State,Year,Male_le,Female_le,a,b,c,d,e,f
1000,ALABAMA,1987,69.6,77.5,70.8,78.8,65.1,73.7,2.9,0.7
1000,ALABAMA,1988,69.4,77.2,71.0,78.4,64.0,73.6,2.9,0.7
1000,ALABAMA,1989,69.5,77.5,71.0,78.7,64.4,73.9,2.9,0.7
1000,ALABAMA,1990,69.6,77.6,71.2,78.9,64.1,73.4,2.9,0.7
1000,ALABAMA,1991,69.6,77.5,71.2,78.8,64.0,73.3,2.9,0.7
1000,ALABAMA,1992,70.2,78.2,71.9,79.5,64.6,74.1,2.9,0.7
1000,ALABAMA,1993,70.3,77.1,72.0,78.3,64.8,73.5,2.9,0.7
1000,ALABAMA,1994,70.2,77.6,71.9,78.8,64.7,73.9,2.9,0.7
1000,ALABAMA,1995,70.1,77.8,71.8,78.8,64.6,74.5,2.9,0.7
1000,ALABAMA,1996,70.4,77.6,71.9,78.6,65.3,74.2,2.9,0.7
1000,ALABAMA,1997,70.8,78.0,72.2,78.9,65.9,74.8,2.9,0.7
1000,ALABAMA,1998,71.0,77.7,72.3,78.6,66.6,74.6,2.9,0.7
1000,ALABAMA,1999,71.2,77.6,72.6,78.6,66.2,74.5,2.9,0.7
1000,ALABAMA,2000,71.2,77.9,72.4,78.8,66.8,75.0,2.9,0.7
1000,ALABAMA,2001,71.5,77.7,72.8,78.6,66.8,74.7,2.9,0.7
1000,ALABAMA,2002,71.5,77.7,72.7,78.5,67.0,75.0,2.9,0.7
1000,ALABAMA,2003,71.4,77.6,72.6,78.4,67.1,75.2,2.9,0.7
1000,ALABAMA,2004,71.6,77.7,72.7,78.4,67.6,75.4,2.9,0.7
1000,ALABAMA,2005,71.6,77.5,72.8,78.3,67.1,75.1,2.9,0.7
1000,ALABAMA,2006,71.5,77.8,72.7,78.6,67.3,75.4,2.9,0.7
1000,ALABAMA,2007,71.7,78.0,72.7,78.7,67.8,75.7,2.9,0.7
1000,ALABAMA,2008,72.1,78.1,73.1,78.6,68.2,76.4,2.9,0.7
1000,ALABAMA,2009,72.5,78.2,73.5,78.7,69.0,76.3,2.9,0.7
2000,ALASKA,1987,71.6,78.4,70.9,77.7,64.8,,4.1,2.0
2000,ALASKA,1988,71.8,78.6,71.1,77.9,64.9,,4.1,2.0
2000,ALASKA,1989,72.0,78.9,71.4,78.2,65.0,,4.1,2.0
2000,ALASKA,1990,72.0,79.3,71.4,78.6,64.8,,4.1,2.0
2000,ALASKA,1991,72.3,79.2,71.7,78.4,,,4.1,2.0
2000,ALASKA,1992,72.7,79.5,72.1,78.8,,,4.1,2.0
2000,ALASKA,1993,73.1,79.6,72.6,78.9,,,4.1,2.0
2000,ALASKA,1994,73.1,79.5,72.6,78.9,,,4.1,2.0
2000,ALASKA,1995,73.1,79.3,72.6,78.7,,,4.1,2.0
2000,ALASKA,1996,73.2,79.3,72.7,78.7,,,4.1,2.0
2000,ALASKA,1997,73.4,79.5,72.9,78.9,,,4.1,2.0
2000,ALASKA,1998,73.9,79.6,73.4,79.1,,,4.1,2.0
2000,ALASKA,1999,74.3,79.6,73.7,79.1,,,4.1,2.0
2000,ALASKA,2000,74.5,79.6,73.9,79.0,67.6,,4.1,2.0
2000,ALASKA,2001,74.6,79.6,74.1,79.0,,,4.1,2.0
2000,ALASKA,2002,74.5,79.8,74.0,79.2,,74.6,4.1,2.0
2000,ALASKA,2003,74.8,79.9,74.2,79.3,,74.6,4.1,2.0
2000,ALASKA,2004,75.1,80.3,74.5,79.7,,75.1,4.1,2.0
2000,ALASKA,2005,75.5,80.6,74.9,80.0,69.2,75.5,4.1,2.0
2000,ALASKA,2006,75.9,80.3,75.2,79.7,69.5,75.4,4.1,2.0
2000,ALASKA,2007,75.9,80.5,75.3,79.9,69.6,75.5,4.1,2.0
2000,ALASKA,2008,75.8,80.7,75.2,80.1,69.7,76.0,4.1,2.0
2000,ALASKA,2009,75.6,80.5,75.0,79.8,69.7,75.7,4.1,2.0
4000,ARIZONA,1987,71.9,79.2,72.3,79.5,68.0,76.1,5.7,3.2
4000,ARIZONA,1988,72.2,79.1,72.6,79.4,66.8,75.4,5.7,3.2
4000,ARIZONA,1989,72.6,79.4,73.0,79.7,66.4,74.0,5.7,3.2
4000,ARIZONA,1990,72.6,79.9,73.1,80.1,67.5,76.0,5.7,3.2
4000,ARIZONA,1991,73.0,79.9,73.4,80.2,68.3,75.3,5.7,3.2
4000,ARIZONA,1992,72.8,80.4,73.3,80.7,67.1,76.7,5.7,3.2
4000,ARIZONA,1993,72.7,79.7,73.1,80.1,68.0,75.5,5.7,3.2
4000,ARIZONA,1994,73.0,80.0,73.5,80.3,66.3,77.1,5.7,3.2
4000,ARIZONA,1995,73.3,80.0,73.7,80.3,67.1,75.6,5.7,3.2
4000,ARIZONA,1996,73.8,80.1,74.1,80.5,70.2,74.6,5.7,3.2
4000,ARIZONA,1997,74.3,80.4,74.7,80.6,69.6,76.5,5.7,3.2
4000,ARIZONA,1998,74.5,80.3,74.9,80.6,70.5,76.1,5.7,3.2
4000,ARIZONA,1999,74.4,80.2,74.8,80.5,69.1,75.6,5.7,3.2
4000,ARIZONA,2000,74.8,80.4,75.1,80.6,70.6,76.4,5.7,3.2
4000,ARIZONA,2001,75.0,80.5,75.4,80.9,72.3,75.3,5.7,3.2
4000,ARIZONA,2002,74.9,80.6,75.2,80.8,71.5,78.2,5.7,3.2
4000,ARIZONA,2003,75.1,80.7,75.5,80.9,71.2,77.5,5.7,3.2
4000,ARIZONA,2004,75.6,81.1,75.8,81.3,72.0,77.4,5.7,3.2
4000,ARIZONA,2005,75.4,81.0,75.7,81.1,72.6,77.7,5.7,3.2
4000,ARIZONA,2006,75.8,81.2,76.0,81.2,70.9,79.9,5.7,3.2
4000,ARIZONA,2007,76.6,81.8,76.8,81.9,74.3,79.5,5.7,3.2
4000,ARIZONA,2008,77.0,82.2,77.3,82.4,74.5,79.8,5.7,3.2
4000,ARIZONA,2009,77.6,82.4,77.9,82.6,75.1,79.9,5.7,3.2
5000,ARKANSAS,1987,70.3,78.1,71.0,78.8,64.9,74.1,2.7,1.0
5000,ARKANSAS,1988,70.2,77.8,71.1,78.6,64.2,72.6,2.7,1.0
5000,ARKANSAS,1989,70.4,78.1,71.3,78.8,64.0,73.9,2.7,1.0
5000,ARKANSAS,1990,70.6,78.0,71.6,78.9,63.9,73.0,2.7,1.0
5000,ARKANSAS,1991,70.5,78.1,71.6,79.0,63.3,73.1,2.7,1.0
5000,ARKANSAS,1992,70.9,78.3,71.9,79.2,64.3,72.9,2.7,1.0
5000,ARKANSAS,1993,70.5,78.0,71.5,78.7,63.8,73.6,2.7,1.0
5000,ARKANSAS,1994,70.7,78.4,71.5,79.1,64.6,74.4,2.7,1.0
5000,ARKANSAS,1995,70.9,78.6,72.0,79.3,64.0,73.8,2.7,1.0
5000,ARKANSAS,1996,71.4,78.5,72.3,79.0,65.8,74.6,2.7,1.0
5000,ARKANSAS,1997,71.3,77.9,72.2,78.5,65.7,73.9,2.7,1.0
5000,ARKANSAS,1998,71.8,78.4,72.7,79.0,65.7,74.0,2.7,1.0
5000,ARKANSAS,1999,71.9,78.5,72.6,79.1,66.4,74.2,2.7,1.0
5000,ARKANSAS,2000,71.9,78.1,72.7,78.8,66.1,73.8,2.7,1.0
5000,ARKANSAS,2001,72.2,78.3,72.9,78.8,67.3,74.8,2.7,1.0
5000,ARKANSAS,2002,72.1,77.9,72.8,78.6,67.3,74.0,2.7,1.0
5000,ARKANSAS,2003,72.2,78.4,73.0,78.9,66.4,75.1,2.7,1.0
5000,ARKANSAS,2004,72.6,78.2,73.3,78.7,66.9,74.5,2.7,1.0
5000,ARKANSAS,2005,72.4,78.7,73.1,79.2,66.6,74.9,2.7,1.0
5000,ARKANSAS,2006,72.5,78.6,73.2,79.2,67.1,74.6,2.7,1.0
5000,ARKANSAS,2007,73.0,78.5,73.6,78.9,67.4,75.3,2.7,1.0
5000,ARKANSAS,2008,72.7,78.4,73.4,78.8,67.1,75.9,2.7,1.0
5000,ARKANSAS,2009,73.0,79.1,73.6,79.6,67.5,75.4,2.7,1.0
6000,CALIFORNIA,1987,72.0,78.7,72.1,78.8,64.7,73.1,6.1,4.1
6000,CALIFORNIA,1988,72.0,78.6,72.1,78.7,65.0,72.9,6.1,4.1
6000,CALIFORNIA,1989,72.2,78.8,72.3,78.9,64.8,73.3,6.1,4.1
6000,CALIFORNIA,1990,72.6,79.3,72.6,79.3,65.6,74.1,6.1,4.1
6000,CALIFORNIA,1991,72.7,79.5,72.8,79.5,65.2,74.3,6.1,4.1
6000,CALIFORNIA,1992,73.1,79.7,73.1,79.8,65.8,74.4,6.1,4.1
6000,CALIFORNIA,1993,73.0,79.7,73.1,79.7,65.2,74.3,6.1,4.1
6000,CALIFORNIA,1994,73.3,79.8,73.3,79.8,65.5,74.5,6.1,4.1
6000,CALIFORNIA,1995,73.6,80.1,73.6,80.1,66.3,74.7,6.1,4.1
6000,CALIFORNIA,1996,74.4,80.1,74.4,80.1,67.4,74.8,6.1,4.1
6000,CALIFORNIA,1997,75.0,80.3,74.9,80.2,68.7,75.5,6.1,4.1
6000,CALIFORNIA,1998,75.3,80.3,75.2,80.2,68.9,75.4,6.1,4.1
6000,CALIFORNIA,1999,75.7,80.5,75.6,80.4,69.6,75.5,6.1,4.1
6000,CALIFORNIA,2000,75.9,80.8,75.8,80.6,69.8,76.2,6.1,4.1
6000,CALIFORNIA,2001,76.0,80.8,75.9,80.7,69.5,75.8,6.1,4.1
6000,CALIFORNIA,2002,76.2,81.0,76.1,80.8,69.5,76.2,6.1,4.1
6000,CALIFORNIA,2003,76.2,81.1,76.1,80.9,69.6,76.3,6.1,4.1
6000,CALIFORNIA,2004,76.8,81.5,76.6,81.3,70.1,76.5,6.1,4.1
6000,CALIFORNIA,2005,76.7,81.6,76.6,81.4,69.6,76.6,6.1,4.1
6000,CALIFORNIA,2006,76.9,81.9,76.7,81.6,70.5,76.9,6.1,4.1
6000,CALIFORNIA,2007,77.4,82.2,77.2,82.0,71.1,77.3,6.1,4.1
6000,CALIFORNIA,2008,77.7,82.4,77.5,82.1,71.7,77.8,6.1,4.1
6000,CALIFORNIA,2009,78.1,82.8,77.9,82.5,72.3,78.3,6.1,4.1
8000,COLORADO,1987,73.5,79.6,73.5,79.8,69.1,73.9,4.3,2.5
8000,COLORADO,1988,73.6,79.8,73.6,79.9,68.4,74.5,4.3,2.5
8000,COLORADO,1989,73.8,80.2,73.9,80.3,67.7,75.8,4.3,2.5
8000,COLORADO,1990,73.9,80.0,74.0,80.1,68.5,76.4,4.3,2.5
8000,COLORADO,1991,73.8,80.0,73.9,80.1,67.8,74.1,4.3,2.5
8000,COLORADO,1992,74.2,80.7,74.3,80.7,68.3,76.7,4.3,2.5
8000,COLORADO,1993,74.4,80.2,74.6,80.4,68.6,75.6,4.3,2.5
8000,COLORADO,1994,74.2,80.5,74.3,80.6,68.6,75.5,4.3,2.5
8000,COLORADO,1995,74.5,80.4,74.7,80.6,69.7,76.4,4.3,2.5
8000,COLORADO,1996,75.1,80.2,75.2,80.2,70.1,77.2,4.3,2.5
8000,COLORADO,1997,75.5,80.6,75.6,80.7,71.3,75.4,4.3,2.5
8000,COLORADO,1998,75.4,80.3,75.5,80.4,71.0,76.1,4.3,2.5
8000,COLORADO,1999,75.8,80.4,75.9,80.5,71.5,74.9,4.3,2.5
8000,COLORADO,2000,76.2,80.6,76.3,80.7,71.0,75.5,4.3,2.5
8000,COLORADO,2001,76.2,80.5,76.3,80.6,71.1,76.9,4.3,2.5
8000,COLORADO,2002,75.9,80.8,76.0,80.8,72.1,76.7,4.3,2.5
8000,COLORADO,2003,76.4,80.7,76.4,80.8,71.5,77.9,4.3,2.5
8000,COLORADO,2004,76.7,81.4,76.7,81.3,72.1,80.1,4.3,2.5
8000,COLORADO,2005,76.7,81.5,76.7,81.5,73.3,77.7,4.3,2.5
8000,COLORADO,2006,77.3,81.4,77.3,81.4,73.2,79.0,4.3,2.5
8000,COLORADO,2007,77.5,82.0,77.4,82.0,75.7,78.6,4.3,2.5
8000,COLORADO,2008,77.5,81.8,77.5,81.8,73.3,79.7,4.3,2.5
8000,COLORADO,2009,77.8,82.1,77.9,82.1,73.4,79.9,4.3,2.5
9000,CONNECTICUT,1987,72.8,79.4,73.4,79.7,65.1,75.2,5.5,3.2
9000,CONNECTICUT,1988,72.9,79.5,73.5,79.9,64.5,73.9,5.5,3.2
9000,CONNECTICUT,1989,73.0,79.6,73.8,80.0,64.2,75.2,5.5,3.2
9000,CONNECTICUT,1990,73.9,80.2,74.5,80.6,66.4,76.1,5.5,3.2
9000,CONNECTICUT,1991,73.9,80.2,74.5,80.6,65.9,76.4,5.5,3.2
9000,CONNECTICUT,1992,73.9,80.6,74.7,81.0,65.6,75.5,5.5,3.2
9000,CONNECTICUT,1993,73.9,80.2,74.6,80.6,65.3,75.5,5.5,3.2
9000,CONNECTICUT,1994,73.9,80.2,74.7,80.7,64.1,74.6,5.5,3.2
9000,CONNECTICUT,1995,74.3,80.2,74.9,80.7,66.0,74.9,5.5,3.2
9000,CONNECTICUT,1996,74.7,80.4,75.3,80.8,66.9,76.7,5.5,3.2
9000,CONNECTICUT,1997,75.2,80.7,75.6,80.9,70.0,76.7,5.5,3.2
9000,CONNECTICUT,1998,75.5,80.6,76.0,80.9,69.4,76.0,5.5,3.2
9000,CONNECTICUT,1999,75.9,81.1,76.2,81.4,71.1,77.2,5.5,3.2
9000,CONNECTICUT,2000,75.7,80.9,76.1,81.2,70.3,77.2,5.5,3.2
9000,CONNECTICUT,2001,76.3,81.0,76.7,81.3,70.7,77.3,5.5,3.2
9000,CONNECTICUT,2002,76.2,81.5,76.6,81.7,71.2,78.9,5.5,3.2
9000,CONNECTICUT,2003,76.6,81.8,76.8,81.9,72.8,79.7,5.5,3.2
9000,CONNECTICUT,2004,76.8,81.6,77.0,81.8,72.4,78.5,5.5,3.2
9000,CONNECTICUT,2005,77.1,82.1,77.4,82.3,72.4,79.5,5.5,3.2
9000,CONNECTICUT,2006,77.1,82.0,77.4,82.2,72.5,79.7,5.5,3.2
9000,CONNECTICUT,2007,77.5,82.3,77.8,82.5,72.7,79.7,5.5,3.2
9000,CONNECTICUT,2008,77.8,82.5,78.0,82.7,73.8,79.7,5.5,3.2
9000,CONNECTICUT,2009,78.3,82.6,78.5,82.8,74.2,80.2,5.5,3.2
10000,DELAWARE,1987,70.9,77.5,71.8,78.4,65.7,73.0,5.2,3.4
10000,DELAWARE,1988,70.8,77.6,71.8,78.5,64.7,73.9,5.2,3.4
10000,DELAWARE,1989,71.4,77.3,72.6,78.1,64.7,72.3,5.2,3.4
10000,DELAWARE,1990,71.9,77.8,73.2,78.7,65.4,72.8,5.2,3.4
10000,DELAWARE,1991,71.9,78.0,73.0,78.9,66.3,72.8,5.2,3.4
10000,DELAWARE,1992,72.5,78.3,73.6,79.0,66.6,74.4,5.2,3.4
10000,DELAWARE,1993,72.2,78.3,73.7,79.0,64.6,74.0,5.2,3.4
10000,DELAWARE,1994,71.6,79.0,72.6,79.9,66.2,74.3,5.2,3.4
10000,DELAWARE,1995,72.7,79.0,74.1,80.0,65.6,74.4,5.2,3.4
10000,DELAWARE,1996,72.8,78.6,73.9,79.6,66.5,73.6,5.2,3.4
10000,DELAWARE,1997,73.6,78.9,74.4,79.8,69.4,74.5,5.2,3.4
10000,DELAWARE,1998,73.6,78.9,74.6,79.8,68.2,74.3,5.2,3.4
10000,DELAWARE,1999,73.9,79.3,74.9,80.2,69.3,75.5,5.2,3.4
10000,DELAWARE,2000,73.9,79.1,74.7,79.7,68.8,76.4,5.2,3.4
10000,DELAWARE,2001,73.8,78.4,74.6,79.4,69.3,73.7,5.2,3.4
10000,DELAWARE,2002,74.3,79.6,75.3,80.0,69.4,77.4,5.2,3.4
10000,DELAWARE,2003,74.1,79.9,75.1,80.8,68.7,75.6,5.2,3.4
10000,DELAWARE,2004,74.5,79.8,75.2,80.3,70.0,76.7,5.2,3.4
10000,DELAWARE,2005,74.5,79.8,75.2,80.4,70.8,76.2,5.2,3.4
10000,DELAWARE,2006,75.1,79.9,75.8,80.6,71.0,76.9,5.2,3.4
10000,DELAWARE,2007,75.2,80.8,75.7,81.4,72.1,77.8,5.2,3.4
10000,DELAWARE,2008,75.5,80.3,75.9,80.8,73.3,78.3,5.2,3.4
10000,DELAWARE,2009,76.2,80.9,77.0,81.5,71.6,77.6,5.2,3.4
11000,DISTRICT OF COLUMBIA,1987,63.4,73.6,72.1,79.6,59.5,71.3,9.7,7.5
11000,DISTRICT OF COLUMBIA,1988,62.3,72.9,71.4,79.6,58.3,70.3,9.7,7.5
11000,DISTRICT OF COLUMBIA,1989,61.5,73.3,71.5,80.8,57.0,70.5,9.7,7.5
11000,DISTRICT OF COLUMBIA,1990,61.8,73.9,71.8,80.7,57.3,71.2,9.7,7.5
11000,DISTRICT OF COLUMBIA,1991,61.7,74.0,71.9,82.4,57.3,70.7,9.7,7.5
11000,DISTRICT OF COLUMBIA,1992,61.9,74.5,71.9,82.6,57.3,71.3,9.7,7.5
11000,DISTRICT OF COLUMBIA,1993,61.6,74.5,73.9,81.2,56.3,71.7,9.7,7.5
11000,DISTRICT OF COLUMBIA,1994,61.6,73.9,72.5,81.3,56.5,70.8,9.7,7.5
11000,DISTRICT OF COLUMBIA,1995,62.8,74.3,72.9,82.3,57.6,71.1,9.7,7.5
11000,DISTRICT OF COLUMBIA,1996,63.9,75.1,75.5,82.6,58.3,71.9,9.7,7.5
11000,DISTRICT OF COLUMBIA,1997,66.1,75.8,76.4,82.2,61.1,73.1,9.7,7.5
11000,DISTRICT OF COLUMBIA,1998,67.5,75.7,77.3,82.7,62.5,72.8,9.7,7.5
11000,DISTRICT OF COLUMBIA,1999,67.7,76.4,77.1,83.3,62.6,73.6,9.7,7.5
11000,DISTRICT OF COLUMBIA,2000,68.3,76.7,77.6,83.8,63.3,73.7,9.7,7.5
11000,DISTRICT OF COLUMBIA,2001,68.2,77.1,77.9,83.1,62.7,74.2,9.7,7.5
11000,DISTRICT OF COLUMBIA,2002,68.7,77.2,78.9,84.1,62.8,74.0,9.7,7.5
11000,DISTRICT OF COLUMBIA,2003,69.5,78.2,79.6,84.5,63.6,74.9,9.7,7.5
11000,DISTRICT OF COLUMBIA,2004,70.2,77.9,79.0,84.5,64.7,74.6,9.7,7.5
11000,DISTRICT OF COLUMBIA,2005,70.2,78.1,80.7,85.1,64.3,74.6,9.7,7.5
11000,DISTRICT OF COLUMBIA,2006,70.8,77.9,80.3,83.5,64.9,74.7,9.7,7.5
11000,DISTRICT OF COLUMBIA,2007,72.5,78.2,81.1,84.3,66.4,74.8,9.7,7.5
11000,DISTRICT OF COLUMBIA,2008,71.9,78.9,80.6,87.5,66.2,75.1,9.7,7.5
11000,DISTRICT OF COLUMBIA,2009,73.0,81.2,82.3,88.0,67.1,77.5,9.7,7.5
12000,FLORIDA,1987,71.6,79.2,72.7,80.1,63.4,72.3,5.0,2.9
12000,FLORIDA,1988,71.5,79.1,72.7,80.0,63.1,72.2,5.0,2.9
12000,FLORIDA,1989,71.8,79.4,73.0,80.3,63.4,72.7,5.0,2.9
12000,FLORIDA,1990,72.0,79.7,73.2,80.6,64.0,73.1,5.0,2.9
12000,FLORIDA,1991,72.5,80.1,73.6,81.0,64.8,73.7,5.0,2.9
12000,FLORIDA,1992,72.8,80.1,73.8,81.0,65.4,73.6,5.0,2.9
12000,FLORIDA,1993,72.6,79.7,73.6,80.6,65.0,73.2,5.0,2.9
12000,FLORIDA,1994,72.8,80.0,73.8,80.8,65.1,73.7,5.0,2.9
12000,FLORIDA,1995,72.8,80.0,73.8,80.9,65.3,73.5,5.0,2.9
12000,FLORIDA,1996,73.6,80.3,74.5,81.1,66.7,74.3,5.0,2.9
12000,FLORIDA,1997,74.3,80.5,75.1,81.2,67.9,75.1,5.0,2.9
12000,FLORIDA,1998,74.5,80.4,75.2,81.1,68.4,75.1,5.0,2.9
12000,FLORIDA,1999,74.6,80.3,75.3,81.0,68.7,75.2,5.0,2.9
12000,FLORIDA,2000,74.6,80.5,75.2,81.2,69.0,75.5,5.0,2.9
12000,FLORIDA,2001,74.7,80.4,75.3,81.1,69.5,75.2,5.0,2.9
12000,FLORIDA,2002,74.9,80.5,75.6,81.2,69.7,75.7,5.0,2.9
12000,FLORIDA,2003,75.0,80.7,75.6,81.4,70.1,76.2,5.0,2.9
12000,FLORIDA,2004,75.3,80.9,75.8,81.5,70.4,76.7,5.0,2.9
12000,FLORIDA,2005,75.3,81.2,75.8,81.8,70.8,77.1,5.0,2.9
12000,FLORIDA,2006,75.5,81.5,76.0,82.1,71.1,77.2,5.0,2.9
12000,FLORIDA,2007,75.9,81.8,76.4,82.3,71.4,78.0,5.0,2.9
12000,FLORIDA,2008,76.1,81.9,76.5,82.3,72.0,78.5,5.0,2.9
12000,FLORIDA,2009,76.5,82.1,76.9,82.6,72.7,78.8,5.0,2.9
13000,GEORGIA,1987,69.2,77.0,70.7,78.4,64.2,72.7,5.8,2.8
13000,GEORGIA,1988,69.1,76.9,70.8,78.5,63.7,72.2,5.8,2.8
13000,GEORGIA,1989,69.4,77.0,71.2,78.5,63.4,72.6,5.8,2.8
13000,GEORGIA,1990,69.7,77.5,71.4,79.0,64.0,73.1,5.8,2.8
13000,GEORGIA,1991,69.9,77.8,71.8,79.4,63.5,73.5,5.8,2.8
13000,GEORGIA,1992,70.5,77.8,72.4,79.3,64.4,73.7,5.8,2.8
13000,GEORGIA,1993,70.2,77.7,72.2,79.2,64.0,73.3,5.8,2.8
13000,GEORGIA,1994,70.5,78.1,72.4,79.4,64.7,74.3,5.8,2.8
13000,GEORGIA,1995,70.8,77.8,72.7,79.2,64.8,73.7,5.8,2.8
13000,GEORGIA,1996,71.2,78.0,73.0,79.3,65.5,74.2,5.8,2.8
13000,GEORGIA,1997,71.9,78.1,73.5,79.3,66.7,74.5,5.8,2.8
13000,GEORGIA,1998,72.1,78.2,73.5,79.4,67.4,74.7,5.8,2.8
13000,GEORGIA,1999,72.2,78.2,73.7,79.3,67.4,75.2,5.8,2.8
13000,GEORGIA,2000,72.2,77.9,73.6,78.9,67.8,75.0,5.8,2.8
13000,GEORGIA,2001,72.4,78.2,73.6,79.2,68.1,75.5,5.8,2.8
13000,GEORGIA,2002,72.7,78.2,73.9,79.2,68.4,75.3,5.8,2.8
13000,GEORGIA,2003,72.9,78.3,74.1,79.3,68.8,75.4,5.8,2.8
13000,GEORGIA,2004,73.2,78.8,74.4,79.6,69.2,76.2,5.8,2.8
13000,GEORGIA,2005,73.6,79.0,74.7,79.9,69.7,76.3,5.8,2.8
13000,GEORGIA,2006,73.8,79.2,74.9,80.1,70.0,76.6,5.8,2.8
13000,GEORGIA,2007,74.0,79.5,75.1,80.3,70.5,77.3,5.8,2.8
13000,GEORGIA,2008,74.5,79.6,75.5,80.4,70.6,77.2,5.8,2.8
13000,GEORGIA,2009,75.0,79.9,75.9,80.5,71.7,77.9,5.8,2.8
15000,HAWAII,1987,74.8,81.7,74.7,82.0,68.6,,2.7,2.4
15000,HAWAII,1988,75.8,81.7,75.2,81.9,73.1,78.0,2.7,2.4
15000,HAWAII,1989,75.5,81.3,75.2,81.4,73.4,83.9,2.7,2.4
15000,HAWAII,1990,75.4,81.6,75.9,81.1,76.3,73.9,2.7,2.4
15000,HAWAII,1991,76.0,81.6,75.4,80.7,73.7,75.9,2.7,2.4
15000,HAWAII,1992,75.9,82.3,75.7,82.6,,82.9,2.7,2.4
15000,HAWAII,1993,75.6,82.0,75.0,82.1,,79.5,2.7,2.4
15000,HAWAII,1994,75.7,82.6,75.6,82.9,,73.5,2.7,2.4
15000,HAWAII,1995,75.8,81.9,75.9,81.5,70.6,80.9,2.7,2.4
15000,HAWAII,1996,76.0,81.8,75.5,81.9,74.8,85.8,2.7,2.4
15000,HAWAII,1997,76.5,82.5,76.9,82.7,75.3,,2.7,2.4
15000,HAWAII,1998,76.9,83.1,77.2,83.3,80.2,,2.7,2.4
15000,HAWAII,1999,76.7,82.7,77.1,82.0,76.1,,2.7,2.4
15000,HAWAII,2000,77.2,82.7,77.2,82.6,,,2.7,2.4
15000,HAWAII,2001,77.5,83.0,77.8,82.4,,,2.7,2.4
15000,HAWAII,2002,77.6,82.6,78.0,82.2,,,2.7,2.4
15000,HAWAII,2003,77.0,83.1,76.9,82.3,,,2.7,2.4
15000,HAWAII,2004,77.4,83.4,77.9,82.9,,,2.7,2.4
15000,HAWAII,2005,77.6,83.7,77.7,83.3,,,2.7,2.4
15000,HAWAII,2006,77.8,83.3,78.3,83.5,,,2.7,2.4
15000,HAWAII,2007,77.9,84.1,77.9,83.6,77.8,,2.7,2.4
15000,HAWAII,2008,78.1,84.0,78.6,82.9,78.6,,2.7,2.4
15000,HAWAII,2009,77.5,84.1,77.9,83.9,76.6,,2.7,2.4
16000,IDAHO,1987,73.3,79.6,73.3,79.7,,,4.3,2.1
16000,IDAHO,1988,73.2,79.3,73.3,79.4,,,4.3,2.1
16000,IDAHO,1989,73.5,80.0,73.6,80.1,,,4.3,2.1
16000,IDAHO,1990,74.1,80.5,74.1,80.5,,,4.3,2.1
16000,IDAHO,1991,74.5,80.1,74.5,80.2,,,4.3,2.1
16000,IDAHO,1992,74.2,80.4,74.2,80.5,,,4.3,2.1
16000,IDAHO,1993,74.3,80.2,74.4,80.3,,,4.3,2.1
16000,IDAHO,1994,74.8,79.9,74.8,80.0,,,4.3,2.1
16000,IDAHO,1995,74.9,80.3,75.0,80.4,,,4.3,2.1
16000,IDAHO,1996,74.9,80.6,75.0,80.7,,,4.3,2.1
16000,IDAHO,1997,74.9,80.9,75.0,80.9,,,4.3,2.1
16000,IDAHO,1998,75.5,80.7,75.6,80.8,,,4.3,2.1
16000,IDAHO,1999,75.4,80.6,75.5,80.6,,,4.3,2.1
16000,IDAHO,2000,76.1,80.4,76.2,80.5,,,4.3,2.1
16000,IDAHO,2001,75.8,80.7,75.9,80.8,,,4.3,2.1
16000,IDAHO,2002,76.5,80.6,76.6,80.6,,,4.3,2.1
16000,IDAHO,2003,76.0,80.4,76.0,80.5,,,4.3,2.1
16000,IDAHO,2004,76.6,81.1,76.6,81.1,,,4.3,2.1
16000,IDAHO,2005,76.3,81.1,76.3,81.1,,,4.3,2.1
16000,IDAHO,2006,76.6,81.3,76.5,81.3,,,4.3,2.1
16000,IDAHO,2007,77.3,81.0,77.3,81.0,,,4.3,2.1
16000,IDAHO,2008,77.4,81.2,77.4,81.2,,,4.3,2.1
16000,IDAHO,2009,77.6,81.8,77.6,81.7,,,4.3,2.1
17000,ILLINOIS,1987,71.2,78.0,72.4,78.9,63.0,72.3,5.1,3.4
17000,ILLINOIS,1988,70.9,77.9,72.2,78.9,61.8,71.7,5.1,3.4
17000,ILLINOIS,1989,71.1,78.1,72.6,79.2,61.9,71.7,5.1,3.4
17000,ILLINOIS,1990,71.3,78.4,72.9,79.5,61.7,71.9,5.1,3.4
17000,ILLINOIS,1991,71.5,78.4,73.0,79.4,61.7,72.2,5.1,3.4
17000,ILLINOIS,1992,71.9,78.7,73.6,79.7,62.1,72.9,5.1,3.4
17000,ILLINOIS,1993,71.7,78.5,73.2,79.6,61.8,72.3,5.1,3.4
17000,ILLINOIS,1994,71.7,78.6,73.3,79.6,62.3,72.7,5.1,3.4
17000,ILLINOIS,1995,72.1,78.7,73.5,79.7,63.0,72.7,5.1,3.4
17000,ILLINOIS,1996,72.8,78.9,74.2,79.9,63.7,73.2,5.1,3.4
17000,ILLINOIS,1997,73.4,79.5,74.7,80.4,64.8,74.1,5.1,3.4
17000,ILLINOIS,1998,73.5,79.3,74.7,80.2,65.0,74.0,5.1,3.4
17000,ILLINOIS,1999,73.5,79.3,74.7,80.1,64.9,74.0,5.1,3.4
17000,ILLINOIS,2000,73.9,79.4,75.0,80.3,66.2,74.1,5.1,3.4
17000,ILLINOIS,2001,74.2,79.7,75.3,80.5,66.2,74.3,5.1,3.4
17000,ILLINOIS,2002,74.3,79.8,75.4,80.6,66.5,74.5,5.1,3.4
17000,ILLINOIS,2003,74.6,80.0,75.7,80.8,66.5,74.7,5.1,3.4
17000,ILLINOIS,2004,75.2,80.4,76.1,81.2,68.1,74.9,5.1,3.4
17000,ILLINOIS,2005,75.2,80.4,76.1,81.1,67.9,75.5,5.1,3.4
17000,ILLINOIS,2006,75.5,80.6,76.5,81.2,67.9,75.9,5.1,3.4
17000,ILLINOIS,2007,75.9,80.8,76.9,81.5,68.3,76.0,5.1,3.4
17000,ILLINOIS,2008,75.9,80.9,76.7,81.4,68.9,76.8,5.1,3.4
17000,ILLINOIS,2009,76.3,81.4,77.1,81.9,69.7,77.2,5.1,3.4
18000,INDIANA,1987,71.4,78.5,71.9,78.8,64.9,74.0,3.5,1.5
18000,INDIANA,1988,71.4,78.2,71.8,78.5,64.7,72.9,3.5,1.5
18000,INDIANA,1989,72.0,78.6,72.4,79.1,65.3,72.7,3.5,1.5
18000,INDIANA,1990,71.9,78.8,72.3,79.2,65.5,74.2,3.5,1.5
18000,INDIANA,1991,72.1,78.6,72.7,79.1,64.5,72.6,3.5,1.5
18000,INDIANA,1992,72.4,79.1,73.0,79.6,64.5,73.7,3.5,1.5
18000,INDIANA,1993,72.3,78.7,72.8,79.1,65.2,73.5,3.5,1.5
18000,INDIANA,1994,72.5,78.8,73.1,79.3,64.0,73.8,3.5,1.5
18000,INDIANA,1995,72.5,78.5,73.1,79.0,64.9,73.2,3.5,1.5
18000,INDIANA,1996,73.0,78.8,73.5,79.3,65.6,73.6,3.5,1.5
18000,INDIANA,1997,73.1,79.0,73.7,79.2,66.2,75.3,3.5,1.5
18000,INDIANA,1998,73.3,79.1,74.0,79.5,65.8,73.8,3.5,1.5
18000,INDIANA,1999,73.3,78.8,73.9,79.1,66.3,74.4,3.5,1.5
18000,INDIANA,2000,73.5,78.8,73.9,79.0,67.1,75.0,3.5,1.5
18000,INDIANA,2001,73.6,79.1,74.1,79.3,66.1,75.2,3.5,1.5
18000,INDIANA,2002,73.9,79.0,74.3,79.4,67.2,74.9,3.5,1.5
18000,INDIANA,2003,73.8,79.1,74.3,79.4,66.7,74.9,3.5,1.5
18000,INDIANA,2004,74.3,79.5,74.8,79.8,67.7,76.0,3.5,1.5
18000,INDIANA,2005,74.1,79.4,74.5,79.7,67.6,75.5,3.5,1.5
18000,INDIANA,2006,74.2,79.5,74.6,79.8,67.3,76.0,3.5,1.5
18000,INDIANA,2007,74.7,80.0,75.1,80.3,69.1,75.8,3.5,1.5
18000,INDIANA,2008,74.6,79.9,74.9,80.1,68.7,76.8,3.5,1.5
18000,INDIANA,2009,74.9,80.0,75.3,80.2,69.9,76.5,3.5,1.5
19000,IOWA,1987,73.3,80.3,73.3,80.4,68.9,71.0,3.8,1.6
19000,IOWA,1988,73.3,80.3,73.3,80.3,68.3,75.7,3.8,1.6
19000,IOWA,1989,73.8,80.4,73.8,80.5,67.7,73.5,3.8,1.6
19000,IOWA,1990,74.1,80.9,74.2,81.0,67.3,74.8,3.8,1.6
19000,IOWA,1991,74.0,80.6,74.1,80.7,66.8,75.7,3.8,1.6
19000,IOWA,1992,74.6,81.0,74.6,81.2,70.5,77.0,3.8,1.6
19000,IOWA,1993,74.4,80.9,74.5,81.0,68.6,72.9,3.8,1.6
19000,IOWA,1994,74.2,80.8,74.4,80.9,66.6,75.9,3.8,1.6
19000,IOWA,1995,74.5,80.6,74.7,80.7,64.2,74.9,3.8,1.6
19000,IOWA,1996,74.9,80.7,75.0,80.8,65.0,75.9,3.8,1.6
19000,IOWA,1997,75.2,81.2,75.3,81.3,67.6,76.4,3.8,1.6
19000,IOWA,1998,75.3,80.8,75.4,80.9,66.1,73.9,3.8,1.6
19000,IOWA,1999,75.6,80.8,75.8,81.0,66.0,73.2,3.8,1.6
19000,IOWA,2000,75.8,81.2,75.8,81.3,71.6,73.4,3.8,1.6
19000,IOWA,2001,76.2,81.2,76.2,81.3,68.2,75.2,3.8,1.6
19000,IOWA,2002,76.1,81.5,76.1,81.6,69.3,73.8,3.8,1.6
19000,IOWA,2003,76.2,81.4,76.3,81.5,68.5,73.0,3.8,1.6
19000,IOWA,2004,76.8,82.0,76.8,82.1,72.9,73.4,3.8,1.6
19000,IOWA,2005,76.3,81.4,76.4,81.4,69.2,75.9,3.8,1.6
19000,IOWA,2006,76.8,81.6,76.9,81.7,69.1,78.0,3.8,1.6
19000,IOWA,2007,77.0,81.8,77.1,81.9,68.6,75.9,3.8,1.6
19000,IOWA,2008,76.6,81.6,76.7,81.7,71.3,78.2,3.8,1.6
19000,IOWA,2009,77.0,81.9,77.1,82.0,68.9,75.3,3.8,1.6
20000,KANSAS,1987,73.0,79.9,73.4,80.1,64.9,74.6,3.0,0.8
20000,KANSAS,1988,73.0,79.7,73.3,80.0,66.2,73.8,3.0,0.8
20000,KANSAS,1989,73.5,79.7,73.8,80.0,67.5,75.1,3.0,0.8
20000,KANSAS,1990,73.5,80.3,73.8,80.5,66.3,75.2,3.0,0.8
20000,KANSAS,1991,73.3,80.2,73.7,80.5,64.5,73.7,3.0,0.8
20000,KANSAS,1992,74.1,80.1,74.5,80.5,65.2,74.6,3.0,0.8
20000,KANSAS,1993,73.6,79.9,74.1,80.3,64.4,73.1,3.0,0.8
20000,KANSAS,1994,73.9,79.9,74.4,80.3,63.9,73.9,3.0,0.8
20000,KANSAS,1995,74.0,80.3,74.4,80.5,64.0,76.1,3.0,0.8
20000,KANSAS,1996,74.1,79.9,74.5,80.3,64.1,72.2,3.0,0.8
20000,KANSAS,1997,74.2,80.6,74.6,80.9,65.9,75.0,3.0,0.8
20000,KANSAS,1998,74.4,80.5,74.8,80.7,65.5,75.7,3.0,0.8
20000,KANSAS,1999,74.7,80.1,75.0,80.4,67.3,74.7,3.0,0.8
20000,KANSAS,2000,74.9,80.2,75.2,80.4,65.9,75.0,3.0,0.8
20000,KANSAS,2001,74.8,80.0,75.2,80.3,66.0,74.8,3.0,0.8
20000,KANSAS,2002,74.9,80.0,75.2,80.2,65.9,74.5,3.0,0.8
20000,KANSAS,2003,75.3,80.2,75.5,80.5,67.2,74.2,3.0,0.8
20000,KANSAS,2004,75.5,80.3,75.8,80.5,67.4,76.1,3.0,0.8
20000,KANSAS,2005,75.3,80.2,75.7,80.4,66.8,75.8,3.0,0.8
20000,KANSAS,2006,75.5,80.3,76.0,80.6,66.7,74.2,3.0,0.8
20000,KANSAS,2007,75.6,80.5,75.9,80.8,68.0,76.0,3.0,0.8
20000,KANSAS,2008,75.6,80.7,75.9,80.9,67.8,76.8,3.0,0.8
20000,KANSAS,2009,76.0,80.7,76.3,81.0,68.0,76.5,3.0,0.8
21000,KENTUCKY,1987,70.1,78.0,70.3,78.3,65.2,73.7,3.2,0.6
21000,KENTUCKY,1988,70.2,77.6,70.5,77.9,64.8,72.7,3.2,0.6
21000,KENTUCKY,1989,70.6,77.7,70.9,77.9,65.3,74.1,3.2,0.6
21000,KENTUCKY,1990,70.8,78.1,71.0,78.4,66.0,73.9,3.2,0.6
21000,KENTUCKY,1991,70.8,78.1,71.1,78.4,65.4,73.6,3.2,0.6
21000,KENTUCKY,1992,71.3,78.4,71.5,78.7,66.9,74.0,3.2,0.6
21000,KENTUCKY,1993,71.1,78.1,71.3,78.3,66.3,74.9,3.2,0.6
21000,KENTUCKY,1994,71.4,77.9,71.8,78.2,65.4,73.4,3.2,0.6
21000,KENTUCKY,1995,71.4,78.3,71.7,78.6,66.4,75.0,3.2,0.6
21000,KENTUCKY,1996,71.6,78.5,71.9,78.8,66.4,75.2,3.2,0.6
21000,KENTUCKY,1997,71.8,78.4,72.1,78.7,66.4,73.9,3.2,0.6
21000,KENTUCKY,1998,72.3,78.4,72.5,78.7,68.0,74.6,3.2,0.6
21000,KENTUCKY,1999,72.2,78.3,72.4,78.5,67.2,74.0,3.2,0.6
21000,KENTUCKY,2000,72.3,78.2,72.5,78.5,67.8,74.2,3.2,0.6
21000,KENTUCKY,2001,72.3,78.0,72.5,78.2,68.2,74.7,3.2,0.6
21000,KENTUCKY,2002,72.1,77.9,72.2,78.1,67.9,74.5,3.2,0.6
21000,KENTUCKY,2003,72.3,78.2,72.5,78.3,68.5,75.1,3.2,0.6
21000,KENTUCKY,2004,72.9,78.5,73.1,78.6,68.2,76.0,3.2,0.6
21000,KENTUCKY,2005,72.6,78.4,72.7,78.5,68.5,76.0,3.2,0.6
21000,KENTUCKY,2006,72.7,78.5,72.9,78.7,67.5,74.9,3.2,0.6
21000,KENTUCKY,2007,73.1,78.7,73.2,78.9,68.4,75.1,3.2,0.6
21000,KENTUCKY,2008,73.2,78.6,73.3,78.7,69.4,76.5,3.2,0.6
21000,KENTUCKY,2009,73.3,78.6,73.4,78.7,69.1,76.1,3.2,0.6
22000,LOUISIANA,1987,69.5,77.1,71.1,78.7,65.0,73.2,3.2,1.7
22000,LOUISIANA,1988,69.2,76.7,70.8,78.2,64.7,73.1,3.2,1.7
22000,LOUISIANA,1989,69.2,76.5,71.2,78.3,63.9,72.5,3.2,1.7
22000,LOUISIANA,1990,69.1,77.1,71.4,78.7,63.4,73.3,3.2,1.7
22000,LOUISIANA,1991,69.0,77.2,71.1,78.7,63.5,73.7,3.2,1.7
22000,LOUISIANA,1992,69.5,77.5,71.7,79.0,64.2,73.8,3.2,1.7
22000,LOUISIANA,1993,69.2,77.0,71.6,78.5,63.4,73.2,3.2,1.7
22000,LOUISIANA,1994,69.7,77.2,71.9,78.8,64.3,73.6,3.2,1.7
22000,LOUISIANA,1995,69.9,77.1,72.2,78.8,64.4,73.5,3.2,1.7
22000,LOUISIANA,1996,70.2,77.5,72.3,78.9,65.1,74.3,3.2,1.7
22000,LOUISIANA,1997,70.6,77.3,72.7,78.8,65.7,73.9,3.2,1.7
22000,LOUISIANA,1998,70.8,77.3,73.0,78.9,65.6,73.6,3.2,1.7
22000,LOUISIANA,1999,71.1,77.4,72.9,78.9,66.5,74.1,3.2,1.7
22000,LOUISIANA,2000,71.2,77.4,73.1,78.9,66.4,74.0,3.2,1.7
22000,LOUISIANA,2001,71.0,77.3,72.9,78.7,66.4,73.9,3.2,1.7
22000,LOUISIANA,2002,71.0,77.3,72.9,78.8,66.5,73.9,3.2,1.7
22000,LOUISIANA,2003,71.1,77.4,73.0,78.8,66.3,74.1,3.2,1.7
22000,LOUISIANA,2004,71.1,77.3,73.1,78.6,66.1,74.4,3.2,1.7
22000,LOUISIANA,2005,70.8,76.9,72.7,78.4,66.0,73.6,3.2,1.7
22000,LOUISIANA,2006,71.4,77.9,73.1,79.2,66.8,74.6,3.2,1.7
22000,LOUISIANA,2007,71.4,78.0,73.0,79.1,67.1,75.4,3.2,1.7
22000,LOUISIANA,2008,72.2,78.1,73.7,79.2,68.2,75.5,3.2,1.7
22000,LOUISIANA,2009,72.6,78.7,74.2,79.8,68.6,76.2,3.2,1.7
23000,MAINE,1987,72.2,78.9,72.2,78.9,,,4.5,2.7
23000,MAINE,1988,72.2,78.8,72.2,78.8,,,4.5,2.7
23000,MAINE,1989,72.6,79.5,72.6,79.4,,,4.5,2.7
23000,MAINE,1990,73.3,79.8,73.3,79.8,,,4.5,2.7
23000,MAINE,1991,73.2,79.9,73.2,79.9,,,4.5,2.7
23000,MAINE,1992,73.8,80.1,73.8,80.1,,,4.5,2.7
23000,MAINE,1993,73.5,79.9,73.6,79.9,,,4.5,2.7
23000,MAINE,1994,73.8,79.6,73.8,79.6,,,4.5,2.7
23000,MAINE,1995,74.0,80.1,74.0,80.1,,,4.5,2.7
23000,MAINE,1996,74.6,80.3,74.5,80.2,,,4.5,2.7
23000,MAINE,1997,74.8,80.0,74.7,80.0,,,4.5,2.7
23000,MAINE,1998,74.5,80.3,74.5,80.3,,,4.5,2.7
23000,MAINE,1999,75.1,80.0,75.1,80.0,,,4.5,2.7
23000,MAINE,2000,75.4,80.0,75.4,80.0,,,4.5,2.7
23000,MAINE,2001,75.3,80.3,75.3,80.3,,,4.5,2.7
23000,MAINE,2002,75.0,80.2,75.0,80.2,,,4.5,2.7
23000,MAINE,2003,75.7,80.5,75.7,80.5,,,4.5,2.7
23000,MAINE,2004,75.7,80.5,75.7,80.6,,,4.5,2.7
23000,MAINE,2005,75.3,80.2,75.3,80.2,,,4.5,2.7
23000,MAINE,2006,75.8,80.9,75.8,80.9,,,4.5,2.7
23000,MAINE,2007,76.2,81.2,76.2,81.2,,,4.5,2.7
23000,MAINE,2008,76.4,81.3,76.4,81.3,,,4.5,2.7
23000,MAINE,2009,76.7,81.6,76.7,81.6,,,4.5,2.7
24000,MARYLAND,1987,70.7,77.3,72.3,78.3,65.0,73.5,5.2,3.8
24000,MARYLAND,1988,70.7,77.4,72.3,78.6,64.6,73.3,5.2,3.8
24000,MARYLAND,1989,71.0,77.8,72.9,78.9,64.5,73.9,5.2,3.8
24000,MARYLAND,1990,71.4,78.2,73.3,79.4,64.9,74.0,5.2,3.8
24000,MARYLAND,1991,71.6,78.5,73.6,79.7,64.8,74.4,5.2,3.8
24000,MARYLAND,1992,71.8,78.3,73.9,79.5,65.0,74.5,5.2,3.8
24000,MARYLAND,1993,71.5,78.3,73.8,79.6,64.4,74.3,5.2,3.8
24000,MARYLAND,1994,71.7,78.4,73.9,79.7,64.7,74.5,5.2,3.8
24000,MARYLAND,1995,71.7,78.4,74.1,79.6,64.4,74.6,5.2,3.8
24000,MARYLAND,1996,72.2,78.7,74.5,80.0,65.4,74.7,5.2,3.8
24000,MARYLAND,1997,72.9,78.9,75.0,80.2,66.4,75.1,5.2,3.8
24000,MARYLAND,1998,73.2,78.9,75.4,80.2,66.9,75.3,5.2,3.8
24000,MARYLAND,1999,73.3,79.0,75.2,80.2,67.6,75.6,5.2,3.8
24000,MARYLAND,2000,73.7,78.9,75.5,80.1,68.2,75.4,5.2,3.8
24000,MARYLAND,2001,73.8,79.1,75.5,80.3,68.4,75.8,5.2,3.8
24000,MARYLAND,2002,74.1,79.2,75.7,80.4,68.7,75.9,5.2,3.8
24000,MARYLAND,2003,74.1,79.5,75.8,80.6,68.8,76.2,5.2,3.8
24000,MARYLAND,2004,74.4,79.9,76.1,80.9,69.1,76.7,5.2,3.8
24000,MARYLAND,2005,74.7,80.1,76.2,81.1,69.8,77.1,5.2,3.8
24000,MARYLAND,2006,75.1,80.0,76.5,81.0,70.4,77.1,5.2,3.8
24000,MARYLAND,2007,75.2,80.5,76.7,81.5,70.4,77.5,5.2,3.8
24000,MARYLAND,2008,75.5,80.9,76.8,81.7,71.0,78.4,5.2,3.8
24000,MARYLAND,2009,75.9,81.1,77.2,81.9,71.5,78.6,5.2,3.8
25000,MASSACHUSETTS,1987,72.3,79.2,72.4,79.3,67.2,75.9,5.8,3.4
25000,MASSACHUSETTS,1988,72.3,78.9,72.5,79.1,66.6,74.2,5.8,3.4
25000,MASSACHUSETTS,1989,72.9,79.6,73.1,79.7,66.9,75.7,5.8,3.4
25000,MASSACHUSETTS,1990,73.3,79.8,73.5,80.0,67.6,75.3,5.8,3.4
25000,MASSACHUSETTS,1991,73.7,80.1,73.9,80.2,67.8,78.4,5.8,3.4
25000,MASSACHUSETTS,1992,73.6,80.0,73.8,80.2,68.2,75.5,5.8,3.4
25000,MASSACHUSETTS,1993,73.8,80.1,74.0,80.1,67.4,78.0,5.8,3.4
25000,MASSACHUSETTS,1994,74.0,80.2,74.2,80.3,67.6,76.5,5.8,3.4
25000,MASSACHUSETTS,1995,74.3,80.3,74.6,80.5,68.0,76.2,5.8,3.4
25000,MASSACHUSETTS,1996,74.7,80.6,74.8,80.7,70.3,78.5,5.8,3.4
25000,MASSACHUSETTS,1997,75.3,80.7,75.4,80.8,70.2,77.8,5.8,3.4
25000,MASSACHUSETTS,1998,75.5,80.8,75.5,80.9,71.6,78.9,5.8,3.4
25000,MASSACHUSETTS,1999,75.6,80.9,75.7,80.9,71.8,78.8,5.8,3.4
25000,MASSACHUSETTS,2000,75.8,80.8,75.9,80.8,72.1,78.6,5.8,3.4
25000,MASSACHUSETTS,2001,75.8,80.7,75.9,80.8,72.0,79.4,5.8,3.4
25000,MASSACHUSETTS,2002,75.8,81.0,75.9,81.0,71.2,78.5,5.8,3.4
25000,MASSACHUSETTS,2003,76.1,81.1,76.1,81.1,71.7,78.7,5.8,3.4
25000,MASSACHUSETTS,2004,76.5,81.6,76.5,81.5,72.1,80.6,5.8,3.4
25000,MASSACHUSETTS,2005,76.9,81.7,76.9,81.7,73.5,79.7,5.8,3.4
25000,MASSACHUSETTS,2006,77.2,81.9,77.2,81.9,73.7,80.3,5.8,3.4
25000,MASSACHUSETTS,2007,77.3,82.1,77.3,82.0,74.4,81.7,5.8,3.4
25000,MASSACHUSETTS,2008,77.6,82.5,77.7,82.5,74.4,81.1,5.8,3.4
25000,MASSACHUSETTS,2009,78.1,82.6,78.0,82.5,75.5,81.1,5.8,3.4
26000,MICHIGAN,1987,71.0,77.8,72.3,78.6,62.5,72.5,4.7,2.9
26000,MICHIGAN,1988,71.2,77.8,72.4,78.7,63.4,72.3,4.7,2.9
26000,MICHIGAN,1989,71.5,78.0,72.9,79.0,62.8,72.1,4.7,2.9
26000,MICHIGAN,1990,71.8,78.4,73.1,79.3,63.4,73.0,4.7,2.9
26000,MICHIGAN,1991,71.9,78.5,73.3,79.4,63.3,73.1,4.7,2.9
26000,MICHIGAN,1992,72.3,78.8,73.7,79.8,64.1,73.0,4.7,2.9
26000,MICHIGAN,1993,72.2,78.6,73.6,79.5,63.6,73.0,4.7,2.9
26000,MICHIGAN,1994,72.4,78.6,73.9,79.5,63.7,73.3,4.7,2.9
26000,MICHIGAN,1995,72.8,78.8,74.2,79.8,64.3,73.5,4.7,2.9
26000,MICHIGAN,1996,73.2,79.0,74.4,79.8,65.6,74.1,4.7,2.9
26000,MICHIGAN,1997,73.5,79.1,74.6,80.0,66.3,73.8,4.7,2.9
26000,MICHIGAN,1998,73.5,79.0,74.6,79.8,66.3,74.2,4.7,2.9
26000,MICHIGAN,1999,73.6,78.9,74.7,79.7,66.1,74.0,4.7,2.9
26000,MICHIGAN,2000,73.9,79.1,75.0,79.9,66.8,74.0,4.7,2.9
26000,MICHIGAN,2001,74.1,79.4,75.2,80.2,67.1,74.4,4.7,2.9
26000,MICHIGAN,2002,74.2,79.3,75.3,80.1,67.0,74.3,4.7,2.9
26000,MICHIGAN,2003,74.5,79.6,75.4,80.3,67.5,75.2,4.7,2.9
26000,MICHIGAN,2004,75.0,79.9,76.0,80.7,68.3,75.2,4.7,2.9
26000,MICHIGAN,2005,74.9,79.7,76.0,80.4,67.9,75.4,4.7,2.9
26000,MICHIGAN,2006,75.1,80.0,76.1,80.7,68.0,75.6,4.7,2.9
26000,MICHIGAN,2007,75.2,80.2,76.1,81.0,68.2,75.5,4.7,2.9
26000,MICHIGAN,2008,75.5,80.2,76.4,80.9,68.7,76.0,4.7,2.9
26000,MICHIGAN,2009,75.7,80.7,76.6,81.3,68.7,76.5,4.7,2.9
27000,MINNESOTA,1987,74.1,80.5,74.3,80.6,68.2,75.4,4.4,2.8
27000,MINNESOTA,1988,74.0,80.5,74.1,80.6,67.8,73.7,4.4,2.8
27000,MINNESOTA,1989,74.5,81.0,74.7,81.2,67.1,75.7,4.4,2.8
27000,MINNESOTA,1990,74.6,80.9,74.9,81.0,64.5,75.2,4.4,2.8
27000,MINNESOTA,1991,74.6,81.0,74.8,81.2,66.1,73.7,4.4,2.8
27000,MINNESOTA,1992,75.0,81.3,75.2,81.5,68.0,74.3,4.4,2.8
27000,MINNESOTA,1993,75.0,81.2,75.3,81.4,67.3,75.0,4.4,2.8
27000,MINNESOTA,1994,75.1,81.0,75.4,81.2,65.5,74.0,4.4,2.8
27000,MINNESOTA,1995,75.0,81.0,75.4,81.2,67.1,76.8,4.4,2.8
27000,MINNESOTA,1996,75.5,81.3,75.7,81.5,67.4,75.2,4.4,2.8
27000,MINNESOTA,1997,76.0,81.5,76.3,81.7,69.3,74.6,4.4,2.8
27000,MINNESOTA,1998,76.2,81.4,76.6,81.6,68.8,75.9,4.4,2.8
27000,MINNESOTA,1999,76.1,81.4,76.4,81.6,70.8,76.4,4.4,2.8
27000,MINNESOTA,2000,76.6,81.8,76.9,82.0,70.7,76.2,4.4,2.8
27000,MINNESOTA,2001,76.8,81.9,77.1,82.1,69.5,77.3,4.4,2.8
27000,MINNESOTA,2002,76.8,81.8,77.0,81.9,70.1,78.0,4.4,2.8
27000,MINNESOTA,2003,77.3,82.3,77.5,82.4,72.6,77.5,4.4,2.8
27000,MINNESOTA,2004,77.7,82.5,78.0,82.7,72.1,77.5,4.4,2.8
27000,MINNESOTA,2005,77.7,82.4,78.0,82.7,73.3,76.6,4.4,2.8
27000,MINNESOTA,2006,78.0,82.5,78.3,82.8,72.7,77.9,4.4,2.8
27000,MINNESOTA,2007,78.0,83.0,78.4,83.2,69.8,78.8,4.4,2.8
27000,MINNESOTA,2008,78.2,82.8,78.5,83.1,72.9,78.3,4.4,2.8
27000,MINNESOTA,2009,78.5,83.3,78.8,83.6,73.4,79.4,4.4,2.8
28000,MISSISSIPPI,1987,68.9,76.9,70.6,78.4,65.2,73.8,2.9,1.4
28000,MISSISSIPPI,1988,69.2,77.1,70.8,78.6,65.3,73.9,2.9,1.4
28000,MISSISSIPPI,1989,68.8,76.9,70.4,78.6,64.7,73.6,2.9,1.4
28000,MISSISSIPPI,1990,68.9,77.2,70.9,79.0,64.6,74.0,2.9,1.4
28000,MISSISSIPPI,1991,68.9,77.1,71.0,78.9,64.4,73.4,2.9,1.4
28000,MISSISSIPPI,1992,69.2,77.2,71.2,79.0,65.1,74.0,2.9,1.4
28000,MISSISSIPPI,1993,68.9,77.2,71.0,79.0,64.4,73.7,2.9,1.4
28000,MISSISSIPPI,1994,69.2,76.7,71.5,78.7,64.5,73.2,2.9,1.4
28000,MISSISSIPPI,1995,69.1,77.2,71.2,78.8,64.9,74.1,2.9,1.4
28000,MISSISSIPPI,1996,69.7,77.3,71.7,78.9,65.4,73.9,2.9,1.4
28000,MISSISSIPPI,1997,69.9,77.0,72.1,78.7,65.6,73.7,2.9,1.4
28000,MISSISSIPPI,1998,69.9,77.1,71.9,78.7,65.9,73.9,2.9,1.4
28000,MISSISSIPPI,1999,70.1,77.1,71.7,78.8,66.4,74.0,2.9,1.4
28000,MISSISSIPPI,2000,70.3,76.8,71.8,78.3,66.8,74.0,2.9,1.4
28000,MISSISSIPPI,2001,70.5,77.2,72.3,78.6,66.7,74.2,2.9,1.4
28000,MISSISSIPPI,2002,70.5,77.0,72.3,78.6,66.6,73.9,2.9,1.4
28000,MISSISSIPPI,2003,70.7,77.0,72.5,78.4,67.0,74.3,2.9,1.4
28000,MISSISSIPPI,2004,70.8,77.7,72.2,79.2,67.5,74.9,2.9,1.4
28000,MISSISSIPPI,2005,70.5,77.2,72.0,78.5,67.1,74.8,2.9,1.4
28000,MISSISSIPPI,2006,70.7,77.5,72.4,78.8,67.4,74.9,2.9,1.4
28000,MISSISSIPPI,2007,70.9,77.9,72.4,79.1,67.5,75.4,2.9,1.4
28000,MISSISSIPPI,2008,71.4,77.8,72.9,78.7,68.1,75.9,2.9,1.4
28000,MISSISSIPPI,2009,71.8,78.3,73.1,79.5,68.9,75.9,2.9,1.4
29000,MISSOURI,1987,71.3,78.4,72.0,78.9,63.6,73.4,3.5,1.8
29000,MISSOURI,1988,71.2,78.6,72.0,79.2,63.5,73.5,3.5,1.8
29000,MISSOURI,1989,71.5,78.8,72.3,79.5,63.4,73.3,3.5,1.8
29000,MISSOURI,1990,71.6,78.9,72.5,79.5,63.3,73.2,3.5,1.8
29000,MISSOURI,1991,71.4,78.9,72.4,79.7,62.2,72.9,3.5,1.8
29000,MISSOURI,1992,71.8,79.2,72.9,79.8,62.4,73.9,3.5,1.8
29000,MISSOURI,1993,71.6,78.8,72.6,79.4,62.3,73.6,3.5,1.8
29000,MISSOURI,1994,71.8,78.7,72.8,79.3,62.2,74.1,3.5,1.8
29000,MISSOURI,1995,71.9,78.9,72.7,79.5,63.8,73.8,3.5,1.8
29000,MISSOURI,1996,72.6,78.8,73.4,79.3,64.7,74.3,3.5,1.8
29000,MISSOURI,1997,72.7,79.0,73.6,79.6,64.8,73.6,3.5,1.8
29000,MISSOURI,1998,72.9,78.7,73.8,79.3,65.0,73.6,3.5,1.8
29000,MISSOURI,1999,72.9,78.8,73.8,79.4,65.2,73.8,3.5,1.8
29000,MISSOURI,2000,73.4,79.0,74.1,79.4,66.2,74.7,3.5,1.8
29000,MISSOURI,2001,73.5,79.1,74.2,79.5,66.1,75.0,3.5,1.8
29000,MISSOURI,2002,73.2,79.1,73.9,79.6,66.4,74.5,3.5,1.8
29000,MISSOURI,2003,73.6,79.0,74.3,79.4,67.0,74.8,3.5,1.8
29000,MISSOURI,2004,74.0,79.4,74.7,79.9,67.1,75.4,3.5,1.8
29000,MISSOURI,2005,73.9,79.5,74.5,79.9,66.7,75.7,3.5,1.8
29000,MISSOURI,2006,74.1,79.4,74.8,79.9,66.9,74.8,3.5,1.8
29000,MISSOURI,2007,74.4,79.9,75.1,80.3,67.4,75.9,3.5,1.8
29000,MISSOURI,2008,74.3,79.8,74.9,80.1,68.0,77.1,3.5,1.8
29000,MISSOURI,2009,74.8,80.2,75.3,80.4,69.3,77.7,3.5,1.8
30000,MONTANA,1987,72.5,79.6,73.0,80.0,,,3.8,1.2
30000,MONTANA,1988,73.3,79.5,74.0,79.9,,,3.8,1.2
30000,MONTANA,1989,72.8,80.0,73.3,80.4,,,3.8,1.2
30000,MONTANA,1990,73.4,79.4,73.9,79.9,,,3.8,1.2
30000,MONTANA,1991,73.2,79.8,73.8,80.3,,,3.8,1.2
30000,MONTANA,1992,73.6,79.6,74.2,79.9,,,3.8,1.2
30000,MONTANA,1993,73.6,79.7,74.0,80.1,,,3.8,1.2
30000,MONTANA,1994,73.6,80.4,74.0,80.8,,,3.8,1.2
30000,MONTANA,1995,73.7,79.7,74.2,80.1,,,3.8,1.2
30000,MONTANA,1996,73.7,80.6,74.0,80.9,,,3.8,1.2
30000,MONTANA,1997,74.0,80.0,74.5,80.4,,,3.8,1.2
30000,MONTANA,1998,74.2,80.4,74.6,80.8,,,3.8,1.2
30000,MONTANA,1999,74.8,79.9,75.5,80.3,,,3.8,1.2
30000,MONTANA,2000,74.7,80.3,75.3,80.6,,,3.8,1.2
30000,MONTANA,2001,74.8,80.5,75.3,80.9,,,3.8,1.2
30000,MONTANA,2002,75.1,79.3,75.8,79.6,,,3.8,1.2
30000,MONTANA,2003,74.8,80.2,75.3,80.6,,,3.8,1.2
30000,MONTANA,2004,75.8,80.4,76.5,80.9,,,3.8,1.2
30000,MONTANA,2005,75.2,80.4,75.6,81.0,,,3.8,1.2
30000,MONTANA,2006,75.4,80.5,76.1,81.0,,,3.8,1.2
30000,MONTANA,2007,76.0,80.4,76.5,81.0,,,3.8,1.2
30000,MONTANA,2008,75.4,80.9,75.9,81.4,,,3.8,1.2
30000,MONTANA,2009,76.3,80.8,76.8,81.4,,,3.8,1.2
31000,NEBRASKA,1987,73.1,79.9,73.4,80.2,65.8,72.0,4.2,1.8
31000,NEBRASKA,1988,73.3,79.9,73.6,80.2,67.1,71.6,4.2,1.8
31000,NEBRASKA,1989,73.6,80.0,73.9,80.4,68.0,73.1,4.2,1.8
31000,NEBRASKA,1990,73.4,80.5,73.6,80.8,67.1,73.1,4.2,1.8
31000,NEBRASKA,1991,73.9,80.6,74.2,80.8,64.1,76.0,4.2,1.8
31000,NEBRASKA,1992,74.4,80.2,74.7,80.5,65.7,73.0,4.2,1.8
31000,NEBRASKA,1993,73.8,80.7,74.1,81.0,64.6,73.9,4.2,1.8
31000,NEBRASKA,1994,74.0,80.7,74.3,81.0,65.2,75.1,4.2,1.8
31000,NEBRASKA,1995,74.5,80.7,74.9,81.0,64.9,73.4,4.2,1.8
31000,NEBRASKA,1996,74.6,80.3,74.9,80.7,66.7,72.3,4.2,1.8
31000,NEBRASKA,1997,74.8,80.8,75.1,81.1,65.7,72.1,4.2,1.8
31000,NEBRASKA,1998,74.9,80.9,75.2,81.2,68.4,72.3,4.2,1.8
31000,NEBRASKA,1999,75.0,80.3,75.3,80.7,67.9,72.5,4.2,1.8
31000,NEBRASKA,2000,75.7,80.9,76.0,81.2,67.0,74.1,4.2,1.8
31000,NEBRASKA,2001,75.9,80.9,76.2,81.1,67.4,77.0,4.2,1.8
31000,NEBRASKA,2002,75.4,80.8,75.7,80.9,66.5,75.9,4.2,1.8
31000,NEBRASKA,2003,76.1,80.8,76.5,81.1,66.8,75.0,4.2,1.8
31000,NEBRASKA,2004,76.5,81.5,76.7,81.9,69.3,73.3,4.2,1.8
31000,NEBRASKA,2005,76.5,81.4,76.8,81.6,68.1,74.9,4.2,1.8
31000,NEBRASKA,2006,76.5,81.8,76.8,82.0,68.9,75.9,4.2,1.8
31000,NEBRASKA,2007,76.6,81.4,76.8,81.7,69.7,73.9,4.2,1.8
31000,NEBRASKA,2008,76.5,81.7,76.8,82.0,69.4,74.0,4.2,1.8
31000,NEBRASKA,2009,77.3,81.7,77.5,81.9,70.5,76.8,4.2,1.8
32000,NEVADA,1987,70.8,77.1,70.9,77.3,67.7,72.8,4.6,3.3
32000,NEVADA,1988,70.6,77.0,70.9,77.3,65.5,72.6,4.6,3.3
32000,NEVADA,1989,71.0,77.7,71.3,78.1,63.9,71.2,4.6,3.3
32000,NEVADA,1990,71.0,77.8,71.3,77.9,65.2,74.5,4.6,3.3
32000,NEVADA,1991,71.1,77.6,71.4,77.7,65.2,73.5,4.6,3.3
32000,NEVADA,1992,71.6,78.6,71.8,78.8,66.3,75.9,4.6,3.3
32000,NEVADA,1993,71.7,78.4,71.8,78.4,68.5,75.3,4.6,3.3
32000,NEVADA,1994,71.6,78.1,71.8,78.2,67.0,74.3,4.6,3.3
32000,NEVADA,1995,71.8,78.4,72.0,78.5,67.2,74.6,4.6,3.3
32000,NEVADA,1996,72.1,78.6,72.3,78.6,67.1,75.9,4.6,3.3
32000,NEVADA,1997,72.9,78.9,72.9,78.9,69.7,75.9,4.6,3.3
32000,NEVADA,1998,72.9,78.2,73.1,78.2,67.6,76.2,4.6,3.3
32000,NEVADA,1999,73.0,78.5,73.0,78.6,69.8,74.5,4.6,3.3
32000,NEVADA,2000,73.6,78.9,73.5,78.8,70.5,76.5,4.6,3.3
32000,NEVADA,2001,73.5,78.7,73.6,78.7,69.7,75.4,4.6,3.3
32000,NEVADA,2002,73.8,78.7,74.0,78.8,69.8,75.3,4.6,3.3
32000,NEVADA,2003,73.7,78.7,73.7,78.6,69.6,77.0,4.6,3.3
32000,NEVADA,2004,74.1,79.1,74.1,79.1,70.2,75.7,4.6,3.3
32000,NEVADA,2005,73.6,79.0,73.7,78.8,69.1,76.7,4.6,3.3
32000,NEVADA,2006,74.0,79.3,74.0,79.2,71.2,76.8,4.6,3.3
32000,NEVADA,2007,74.5,80.1,74.4,79.8,71.4,78.5,4.6,3.3
32000,NEVADA,2008,75.0,80.3,74.9,80.1,72.3,78.0,4.6,3.3
32000,NEVADA,2009,75.5,80.4,75.1,80.1,73.1,78.7,4.6,3.3
33000,NEW HAMPSHIRE,1987,72.9,79.1,72.9,79.1,,,5.5,3.6
33000,NEW HAMPSHIRE,1988,73.0,78.9,72.9,78.9,,,5.5,3.6
33000,NEW HAMPSHIRE,1989,73.3,79.2,73.2,79.1,,,5.5,3.6
33000,NEW HAMPSHIRE,1990,73.5,80.1,73.4,80.1,,,5.5,3.6
33000,NEW HAMPSHIRE,1991,73.9,80.1,73.9,80.0,,,5.5,3.6
33000,NEW HAMPSHIRE,1992,74.6,80.1,74.6,80.1,,,5.5,3.6
33000,NEW HAMPSHIRE,1993,74.7,80.2,74.7,80.2,,,5.5,3.6
33000,NEW HAMPSHIRE,1994,74.8,80.8,74.7,80.8,,,5.5,3.6
33000,NEW HAMPSHIRE,1995,74.9,80.3,74.9,80.2,,,5.5,3.6
33000,NEW HAMPSHIRE,1996,75.0,80.3,75.1,80.3,,,5.5,3.6
33000,NEW HAMPSHIRE,1997,75.5,80.4,75.5,80.4,,,5.5,3.6
33000,NEW HAMPSHIRE,1998,75.4,81.0,75.3,80.9,,,5.5,3.6
33000,NEW HAMPSHIRE,1999,76.0,80.5,76.0,80.5,,,5.5,3.6
33000,NEW HAMPSHIRE,2000,76.1,81.0,76.1,81.0,,,5.5,3.6
33000,NEW HAMPSHIRE,2001,76.2,81.2,76.2,81.2,,,5.5,3.6
33000,NEW HAMPSHIRE,2002,76.5,81.0,76.4,81.0,,,5.5,3.6
33000,NEW HAMPSHIRE,2003,77.1,81.6,77.0,81.6,,,5.5,3.6
33000,NEW HAMPSHIRE,2004,76.9,81.3,76.8,81.3,,,5.5,3.6
33000,NEW HAMPSHIRE,2005,77.0,81.5,76.9,81.4,,,5.5,3.6
33000,NEW HAMPSHIRE,2006,77.3,81.6,77.3,81.6,,,5.5,3.6
33000,NEW HAMPSHIRE,2007,77.5,81.6,77.4,81.5,,,5.5,3.6
33000,NEW HAMPSHIRE,2008,77.7,82.2,77.5,82.1,,,5.5,3.6
33000,NEW HAMPSHIRE,2009,78.4,82.7,78.2,82.6,,,5.5,3.6
34000,NEW JERSEY,1987,71.1,77.9,72.3,78.7,63.0,72.2,6.6,4.3
34000,NEW JERSEY,1988,71.0,77.8,72.2,78.6,62.6,72.3,6.6,4.3
34000,NEW JERSEY,1989,71.8,78.2,73.0,79.0,63.1,72.5,6.6,4.3
34000,NEW JERSEY,1990,72.2,78.5,73.4,79.4,64.0,72.9,6.6,4.3
34000,NEW JERSEY,1991,72.4,78.8,73.6,79.7,63.9,72.8,6.6,4.3
34000,NEW JERSEY,1992,72.5,79.1,73.6,79.9,64.1,73.4,6.6,4.3
34000,NEW JERSEY,1993,72.6,79.0,73.9,79.9,63.7,73.0,6.6,4.3
34000,NEW JERSEY,1994,72.8,79.1,74.0,79.9,64.4,73.6,6.6,4.3
34000,NEW JERSEY,1995,73.0,79.1,74.1,80.0,64.6,72.8,6.6,4.3
34000,NEW JERSEY,1996,73.7,79.4,74.7,80.1,66.0,74.1,6.6,4.3
34000,NEW JERSEY,1997,74.4,79.7,75.2,80.3,68.0,75.1,6.6,4.3
34000,NEW JERSEY,1998,74.8,80.0,75.5,80.6,68.9,75.1,6.6,4.3
34000,NEW JERSEY,1999,74.8,79.9,75.5,80.4,68.5,75.2,6.6,4.3
34000,NEW JERSEY,2000,74.8,80.1,75.5,80.7,68.4,75.3,6.6,4.3
34000,NEW JERSEY,2001,74.9,80.1,75.6,80.7,68.6,75.2,6.6,4.3
34000,NEW JERSEY,2002,75.6,80.3,76.1,80.9,69.9,75.3,6.6,4.3
34000,NEW JERSEY,2003,75.7,80.7,76.4,81.2,69.1,76.5,6.6,4.3
34000,NEW JERSEY,2004,76.3,81.0,76.9,81.4,70.3,76.8,6.6,4.3
34000,NEW JERSEY,2005,76.3,81.1,76.9,81.6,70.5,76.6,6.6,4.3
34000,NEW JERSEY,2006,76.4,81.5,76.8,81.8,70.9,77.3,6.6,4.3
34000,NEW JERSEY,2007,76.9,81.6,77.3,82.0,71.5,77.9,6.6,4.3
34000,NEW JERSEY,2008,77.2,81.9,77.6,82.2,71.9,78.5,6.6,4.3
34000,NEW JERSEY,2009,77.8,82.2,78.1,82.5,72.8,79.1,6.6,4.3
35000,NEW MEXICO,1987,72.0,78.6,72.5,78.8,,,3.5,2.4
35000,NEW MEXICO,1988,72.0,78.7,72.4,78.9,,,3.5,2.4
35000,NEW MEXICO,1989,72.1,79.7,72.7,80.0,,,3.5,2.4
35000,NEW MEXICO,1990,72.5,79.6,72.9,79.8,,,3.5,2.4
35000,NEW MEXICO,1991,72.3,79.6,72.8,79.8,,,3.5,2.4
35000,NEW MEXICO,1992,73.0,80.1,73.5,80.3,,,3.5,2.4
35000,NEW MEXICO,1993,73.1,79.4,73.5,79.7,,76.1,3.5,2.4
35000,NEW MEXICO,1994,72.8,80.0,73.1,80.3,73.1,76.4,3.5,2.4
35000,NEW MEXICO,1995,73.1,79.7,73.4,80.0,,74.4,3.5,2.4
35000,NEW MEXICO,1996,73.6,80.3,73.8,80.5,,84.2,3.5,2.4
35000,NEW MEXICO,1997,73.9,80.4,74.2,80.6,,82.5,3.5,2.4
35000,NEW MEXICO,1998,74.4,80.2,74.6,80.4,71.0,77.2,3.5,2.4
35000,NEW MEXICO,1999,73.8,80.1,74.2,80.3,67.8,78.3,3.5,2.4
35000,NEW MEXICO,2000,74.5,80.2,74.7,80.3,75.5,82.5,3.5,2.4
35000,NEW MEXICO,2001,74.2,80.4,74.6,80.6,72.7,78.2,3.5,2.4
35000,NEW MEXICO,2002,73.9,80.4,74.2,80.4,76.5,78.3,3.5,2.4
35000,NEW MEXICO,2003,74.0,80.4,74.3,80.5,74.9,79.8,3.5,2.4
35000,NEW MEXICO,2004,74.7,80.7,75.0,80.8,74.4,77.9,3.5,2.4
35000,NEW MEXICO,2005,74.5,80.5,74.8,80.7,76.1,77.5,3.5,2.4
35000,NEW MEXICO,2006,74.6,80.5,74.8,80.5,71.0,80.1,3.5,2.4
35000,NEW MEXICO,2007,74.6,80.7,75.0,80.8,73.7,81.3,3.5,2.4
35000,NEW MEXICO,2008,74.9,80.7,75.1,80.8,76.6,86.6,3.5,2.4
35000,NEW MEXICO,2009,75.6,81.0,75.8,81.1,78.9,87.2,3.5,2.4
36000,NEW YORK,1987,70.2,77.7,71.3,78.4,63.1,73.6,7.7,5.0
36000,NEW YORK,1988,70.1,77.6,71.4,78.3,62.3,73.4,7.7,5.0
36000,NEW YORK,1989,70.4,78.0,71.6,78.7,62.9,74.0,7.7,5.0
36000,NEW YORK,1990,70.9,78.4,72.0,79.1,63.6,74.6,7.7,5.0
36000,NEW YORK,1991,71.1,78.6,72.2,79.3,64.0,74.4,7.7,5.0
36000,NEW YORK,1992,71.5,78.8,72.5,79.5,65.1,75.0,7.7,5.0
36000,NEW YORK,1993,71.5,78.7,72.5,79.3,64.7,74.8,7.7,5.0
36000,NEW YORK,1994,71.9,78.9,72.9,79.5,65.4,75.1,7.7,5.0
36000,NEW YORK,1995,72.3,79.0,73.2,79.7,66.0,75.2,7.7,5.0
36000,NEW YORK,1996,73.3,79.3,74.0,79.8,67.8,76.2,7.7,5.0
36000,NEW YORK,1997,74.2,79.9,74.8,80.3,69.7,77.2,7.7,5.0
36000,NEW YORK,1998,74.9,80.2,75.4,80.6,70.8,77.6,7.7,5.0
36000,NEW YORK,1999,74.8,80.1,75.3,80.5,70.9,77.8,7.7,5.0
36000,NEW YORK,2000,75.2,80.5,75.6,80.8,71.1,77.9,7.7,5.0
36000,NEW YORK,2001,75.2,80.5,75.5,80.8,71.5,78.0,7.7,5.0
36000,NEW YORK,2002,75.7,80.8,76.0,81.0,71.9,78.5,7.7,5.0
36000,NEW YORK,2003,76.0,81.0,76.4,81.3,72.3,78.9,7.7,5.0
36000,NEW YORK,2004,76.5,81.3,76.9,81.6,72.9,78.8,7.7,5.0
36000,NEW YORK,2005,76.7,81.7,77.0,81.9,73.1,79.3,7.7,5.0
36000,NEW YORK,2006,77.0,82.0,77.3,82.2,73.8,79.9,7.7,5.0
36000,NEW YORK,2007,77.3,82.1,77.5,82.3,74.1,80.2,7.7,5.0
36000,NEW YORK,2008,77.6,82.4,77.8,82.6,74.7,80.4,7.7,5.0
36000,NEW YORK,2009,77.8,82.7,78.0,82.8,75.1,81.1,7.7,5.0
37000,NORTH CAROLINA,1987,70.0,77.9,71.5,79.1,64.1,73.4,5.1,2.5
37000,NORTH CAROLINA,1988,69.9,77.7,71.6,78.9,63.6,73.4,5.1,2.5
37000,NORTH CAROLINA,1989,70.2,78.0,71.9,79.2,64.0,73.8,5.1,2.5
37000,NORTH CAROLINA,1990,70.7,78.4,72.3,79.5,64.3,74.3,5.1,2.5
37000,NORTH CAROLINA,1991,70.9,78.3,72.6,79.5,64.5,74.2,5.1,2.5
37000,NORTH CAROLINA,1992,71.2,78.6,72.9,79.8,64.8,74.3,5.1,2.5
37000,NORTH CAROLINA,1993,70.9,78.6,72.6,79.8,64.6,74.5,5.1,2.5
37000,NORTH CAROLINA,1994,71.3,78.5,73.1,79.8,64.7,74.0,5.1,2.5
37000,NORTH CAROLINA,1995,71.5,78.7,73.2,79.9,65.1,74.4,5.1,2.5
37000,NORTH CAROLINA,1996,71.8,78.6,73.3,79.8,65.6,74.4,5.1,2.5
37000,NORTH CAROLINA,1997,72.4,78.9,73.9,79.9,66.8,75.1,5.1,2.5
37000,NORTH CAROLINA,1998,72.4,78.8,73.9,79.9,66.8,74.8,5.1,2.5
37000,NORTH CAROLINA,1999,72.7,78.7,74.1,79.8,67.2,74.8,5.1,2.5
37000,NORTH CAROLINA,2000,72.7,78.6,74.0,79.5,67.2,75.0,5.1,2.5
37000,NORTH CAROLINA,2001,73.1,78.9,74.4,79.9,67.9,75.4,5.1,2.5
37000,NORTH CAROLINA,2002,73.2,79.1,74.3,79.9,68.6,75.9,5.1,2.5
37000,NORTH CAROLINA,2003,73.4,78.9,74.4,79.7,68.9,75.7,5.1,2.5
37000,NORTH CAROLINA,2004,73.7,79.4,74.8,80.3,69.1,76.0,5.1,2.5
37000,NORTH CAROLINA,2005,73.8,79.1,74.9,80.0,69.4,75.8,5.1,2.5
37000,NORTH CAROLINA,2006,73.9,79.6,75.0,80.5,69.1,76.2,5.1,2.5
37000,NORTH CAROLINA,2007,74.1,79.7,75.1,80.4,69.6,76.8,5.1,2.5
37000,NORTH CAROLINA,2008,74.6,80.0,75.6,80.6,70.4,77.5,5.1,2.5
37000,NORTH CAROLINA,2009,75.1,80.3,75.9,81.0,71.1,77.6,5.1,2.5
38000,NORTH DAKOTA,1987,73.5,81.4,73.9,81.6,,,3.0,0.8
38000,NORTH DAKOTA,1988,73.9,80.8,74.4,81.1,,,3.0,0.8
38000,NORTH DAKOTA,1989,74.3,80.9,74.8,81.2,,,3.0,0.8
38000,NORTH DAKOTA,1990,74.4,80.8,74.8,81.1,,,3.0,0.8
38000,NORTH DAKOTA,1991,74.7,81.4,75.0,81.9,,,3.0,0.8
38000,NORTH DAKOTA,1992,74.5,81.2,74.9,81.6,,,3.0,0.8
38000,NORTH DAKOTA,1993,74.7,81.7,75.1,81.9,,,3.0,0.8
38000,NORTH DAKOTA,1994,74.7,81.3,75.1,81.9,,,3.0,0.8
38000,NORTH DAKOTA,1995,74.7,81.1,75.1,81.5,,,3.0,0.8
38000,NORTH DAKOTA,1996,75.3,81.1,75.8,81.5,,,3.0,0.8
38000,NORTH DAKOTA,1997,75.5,81.6,76.0,82.0,,,3.0,0.8
38000,NORTH DAKOTA,1998,75.4,81.3,75.8,81.6,,,3.0,0.8
38000,NORTH DAKOTA,1999,75.6,81.3,76.0,81.8,,,3.0,0.8
38000,NORTH DAKOTA,2000,75.6,81.6,76.0,81.9,,,3.0,0.8
38000,NORTH DAKOTA,2001,75.9,81.4,76.3,81.7,,,3.0,0.8
38000,NORTH DAKOTA,2002,76.2,82.1,76.7,82.7,,,3.0,0.8
38000,NORTH DAKOTA,2003,75.7,81.4,76.1,82.1,,,3.0,0.8
38000,NORTH DAKOTA,2004,76.9,82.3,77.5,82.9,,,3.0,0.8
38000,NORTH DAKOTA,2005,76.5,82.5,77.1,82.8,,,3.0,0.8
38000,NORTH DAKOTA,2006,76.4,82.0,77.1,82.7,,,3.0,0.8
38000,NORTH DAKOTA,2007,77.1,82.8,77.8,83.1,,,3.0,0.8
38000,NORTH DAKOTA,2008,76.3,82.4,76.9,82.9,,,3.0,0.8
38000,NORTH DAKOTA,2009,76.5,82.2,77.2,82.8,,,3.0,0.8
39000,OHIO,1987,71.5,78.0,72.0,78.5,65.9,73.6,3.6,2.2
39000,OHIO,1988,71.6,78.0,72.2,78.5,65.3,73.2,3.6,2.2
39000,OHIO,1989,71.9,78.3,72.6,78.8,65.3,73.9,3.6,2.2
39000,OHIO,1990,72.0,78.3,72.8,78.9,65.6,73.6,3.6,2.2
39000,OHIO,1991,72.1,78.5,72.8,79.0,65.3,74.5,3.6,2.2
39000,OHIO,1992,72.5,78.8,73.2,79.3,66.2,74.5,3.6,2.2
39000,OHIO,1993,72.5,78.8,73.2,79.3,66.2,74.4,3.6,2.2
39000,OHIO,1994,72.6,78.8,73.3,79.2,66.0,74.9,3.6,2.2
39000,OHIO,1995,72.6,78.7,73.3,79.1,65.9,74.8,3.6,2.2
39000,OHIO,1996,73.1,78.8,73.7,79.4,66.8,74.6,3.6,2.2
39000,OHIO,1997,73.3,79.1,73.9,79.6,67.7,75.4,3.6,2.2
39000,OHIO,1998,73.7,79.0,74.2,79.3,68.3,75.4,3.6,2.2
39000,OHIO,1999,73.6,78.8,74.2,79.3,68.1,75.0,3.6,2.2
39000,OHIO,2000,73.8,78.9,74.4,79.4,68.4,74.8,3.6,2.2
39000,OHIO,2001,74.0,79.0,74.6,79.5,68.5,75.2,3.6,2.2
39000,OHIO,2002,73.9,79.0,74.6,79.4,67.9,75.5,3.6,2.2
39000,OHIO,2003,74.2,79.1,74.7,79.5,68.5,75.4,3.6,2.2
39000,OHIO,2004,74.3,79.5,75.0,80.1,68.1,75.1,3.6,2.2
39000,OHIO,2005,74.1,79.4,74.7,79.9,68.3,75.4,3.6,2.2
39000,OHIO,2006,74.5,79.6,75.2,80.1,68.1,75.8,3.6,2.2
39000,OHIO,2007,74.6,79.8,75.2,80.2,68.7,76.3,3.6,2.2
39000,OHIO,2008,74.7,79.8,75.4,80.2,68.7,76.5,3.6,2.2
39000,OHIO,2009,75.1,80.2,75.6,80.6,69.8,76.5,3.6,2.2
40000,OKLAHOMA,1987,71.7,78.5,71.9,78.6,65.9,73.5,1.3,-0.2
40000,OKLAHOMA,1988,71.4,78.4,71.5,78.6,66.6,74.2,1.3,-0.2
40000,OKLAHOMA,1989,71.7,78.7,71.8,78.7,66.1,74.5,1.3,-0.2
40000,OKLAHOMA,1990,71.6,78.4,71.7,78.4,67.0,74.4,1.3,-0.2
40000,OKLAHOMA,1991,71.7,78.7,71.9,78.8,65.5,74.6,1.3,-0.2
40000,OKLAHOMA,1992,72.0,78.8,72.1,79.0,66.6,75.0,1.3,-0.2
40000,OKLAHOMA,1993,71.4,78.4,71.6,78.5,65.7,74.0,1.3,-0.2
40000,OKLAHOMA,1994,71.5,78.6,71.6,78.7,66.6,74.2,1.3,-0.2
40000,OKLAHOMA,1995,71.6,78.5,71.6,78.5,67.8,75.0,1.3,-0.2
40000,OKLAHOMA,1996,72.0,78.5,72.1,78.7,66.4,73.9,1.3,-0.2
40000,OKLAHOMA,1997,72.0,78.0,72.2,78.2,67.2,72.9,1.3,-0.2
40000,OKLAHOMA,1998,72.3,78.4,72.4,78.5,67.1,74.9,1.3,-0.2
40000,OKLAHOMA,1999,72.4,78.0,72.6,78.2,67.0,73.2,1.3,-0.2
40000,OKLAHOMA,2000,72.5,77.9,72.6,78.0,68.2,74.8,1.3,-0.2
40000,OKLAHOMA,2001,72.7,78.2,72.8,78.3,68.4,74.6,1.3,-0.2
40000,OKLAHOMA,2002,72.5,77.8,72.7,78.0,68.0,74.6,1.3,-0.2
40000,OKLAHOMA,2003,72.4,78.1,72.6,78.2,68.0,74.2,1.3,-0.2
40000,OKLAHOMA,2004,72.8,78.1,73.2,78.5,68.4,74.0,1.3,-0.2
40000,OKLAHOMA,2005,72.4,77.7,72.8,78.0,68.7,74.7,1.3,-0.2
40000,OKLAHOMA,2006,72.7,78.1,73.1,78.5,67.6,74.3,1.3,-0.2
40000,OKLAHOMA,2007,72.8,77.9,73.2,78.1,67.9,75.0,1.3,-0.2
40000,OKLAHOMA,2008,72.5,77.8,73.0,78.0,68.0,75.9,1.3,-0.2
40000,OKLAHOMA,2009,73.0,78.3,73.6,78.6,69.1,76.6,1.3,-0.2
41000,OREGON,1987,72.3,79.3,72.3,79.3,65.1,73.7,4.9,2.4
41000,OREGON,1988,72.7,78.9,72.8,79.0,63.3,74.1,4.9,2.4
41000,OREGON,1989,72.9,79.6,73.0,79.7,64.0,75.2,4.9,2.4
41000,OREGON,1990,73.2,79.8,73.3,79.9,64.0,72.8,4.9,2.4
41000,OREGON,1991,73.7,80.2,73.7,80.2,65.6,74.6,4.9,2.4
41000,OREGON,1992,74.0,79.7,74.1,79.7,65.2,73.7,4.9,2.4
41000,OREGON,1993,73.5,79.8,73.6,79.8,64.8,75.1,4.9,2.4
41000,OREGON,1994,73.9,79.8,73.9,79.8,66.1,74.1,4.9,2.4
41000,OREGON,1995,74.0,79.6,74.1,79.7,67.1,75.1,4.9,2.4
41000,OREGON,1996,74.0,79.9,74.0,79.9,65.7,78.5,4.9,2.4
41000,OREGON,1997,74.8,79.8,74.8,79.8,66.4,76.7,4.9,2.4
41000,OREGON,1998,74.7,80.0,74.7,80.0,69.6,75.4,4.9,2.4
41000,OREGON,1999,75.2,80.3,75.2,80.2,68.4,77.2,4.9,2.4
41000,OREGON,2000,75.5,80.3,75.5,80.3,69.2,78.0,4.9,2.4
41000,OREGON,2001,75.7,80.0,75.7,79.9,71.1,78.7,4.9,2.4
41000,OREGON,2002,75.5,79.9,75.5,79.8,71.8,77.1,4.9,2.4
41000,OREGON,2003,75.7,80.3,75.7,80.2,69.9,78.3,4.9,2.4
41000,OREGON,2004,76.3,80.5,76.2,80.5,70.8,78.3,4.9,2.4
41000,OREGON,2005,76.3,80.7,76.2,80.6,70.3,78.3,4.9,2.4
41000,OREGON,2006,76.5,80.9,76.4,80.8,72.4,77.6,4.9,2.4
41000,OREGON,2007,76.5,81.2,76.4,81.1,72.7,80.1,4.9,2.4
41000,OREGON,2008,76.7,81.4,76.7,81.3,71.0,78.9,4.9,2.4
41000,OREGON,2009,77.2,81.7,77.1,81.6,73.2,78.9,4.9,2.4
42000,PENNSYLVANIA,1987,71.1,78.0,71.9,78.6,62.5,71.5,4.6,3.0
42000,PENNSYLVANIA,1988,71.2,78.1,72.1,78.8,62.6,72.0,4.6,3.0
42000,PENNSYLVANIA,1989,71.5,78.4,72.5,79.1,61.7,71.9,4.6,3.0
42000,PENNSYLVANIA,1990,72.0,78.7,72.8,79.3,62.9,72.6,4.6,3.0
42000,PENNSYLVANIA,1991,72.2,78.8,73.1,79.4,63.4,73.3,4.6,3.0
42000,PENNSYLVANIA,1992,72.4,78.9,73.3,79.7,63.5,72.5,4.6,3.0
42000,PENNSYLVANIA,1993,72.3,79.0,73.3,79.6,62.4,73.1,4.6,3.0
42000,PENNSYLVANIA,1994,72.5,79.0,73.5,79.6,63.1,73.4,4.6,3.0
42000,PENNSYLVANIA,1995,72.8,79.2,73.7,79.8,63.6,74.1,4.6,3.0
42000,PENNSYLVANIA,1996,72.9,79.3,73.8,79.8,64.2,74.1,4.6,3.0
42000,PENNSYLVANIA,1997,73.4,79.3,74.2,79.9,65.2,74.3,4.6,3.0
42000,PENNSYLVANIA,1998,73.9,79.7,74.6,80.2,66.4,75.1,4.6,3.0
42000,PENNSYLVANIA,1999,73.9,79.4,74.6,79.9,66.0,74.3,4.6,3.0
42000,PENNSYLVANIA,2000,74.0,79.6,74.7,80.1,66.1,74.6,4.6,3.0
42000,PENNSYLVANIA,2001,74.2,79.6,74.9,80.1,66.6,74.8,4.6,3.0
42000,PENNSYLVANIA,2002,74.2,79.7,74.8,80.2,67.0,74.8,4.6,3.0
42000,PENNSYLVANIA,2003,74.3,79.9,75.0,80.3,66.5,75.1,4.6,3.0
42000,PENNSYLVANIA,2004,74.6,80.1,75.3,80.5,67.5,75.5,4.6,3.0
42000,PENNSYLVANIA,2005,74.5,80.0,75.2,80.4,66.5,75.5,4.6,3.0
42000,PENNSYLVANIA,2006,74.7,80.5,75.4,80.9,66.9,76.1,4.6,3.0
42000,PENNSYLVANIA,2007,75.1,80.6,75.8,81.0,67.6,76.1,4.6,3.0
42000,PENNSYLVANIA,2008,75.3,80.7,75.9,81.1,68.5,76.5,4.6,3.0
42000,PENNSYLVANIA,2009,75.7,81.0,76.3,81.4,69.0,76.5,4.6,3.0
44000,RHODE ISLAND,1987,72.2,79.0,72.4,79.1,66.0,74.1,4.8,3.3
44000,RHODE ISLAND,1988,72.5,79.6,72.8,79.8,64.6,73.6,4.8,3.3
44000,RHODE ISLAND,1989,72.4,79.6,72.7,79.7,63.7,75.7,4.8,3.3
44000,RHODE ISLAND,1990,73.0,79.5,73.2,79.7,65.0,71.8,4.8,3.3
44000,RHODE ISLAND,1991,73.5,80.2,73.9,80.4,64.4,73.6,4.8,3.3
44000,RHODE ISLAND,1992,73.6,80.1,73.9,80.2,69.9,77.3,4.8,3.3
44000,RHODE ISLAND,1993,73.4,79.8,73.6,80.0,66.9,74.6,4.8,3.3
44000,RHODE ISLAND,1994,74.2,80.7,74.5,81.0,68.4,75.7,4.8,3.3
44000,RHODE ISLAND,1995,74.0,80.5,74.2,80.7,67.9,74.7,4.8,3.3
44000,RHODE ISLAND,1996,75.0,80.9,75.1,81.1,72.5,75.2,4.8,3.3
44000,RHODE ISLAND,1997,74.7,80.7,74.9,80.8,69.6,75.9,4.8,3.3
44000,RHODE ISLAND,1998,74.9,81.2,75.0,81.3,71.8,77.1,4.8,3.3
44000,RHODE ISLAND,1999,75.5,80.8,75.7,81.0,70.6,77.1,4.8,3.3
44000,RHODE ISLAND,2000,75.6,80.6,75.8,80.7,71.2,75.8,4.8,3.3
44000,RHODE ISLAND,2001,75.5,80.4,75.5,80.4,72.8,79.9,4.8,3.3
44000,RHODE ISLAND,2002,75.2,80.9,75.3,80.8,73.0,80.7,4.8,3.3
44000,RHODE ISLAND,2003,75.5,80.5,75.6,80.5,72.1,78.1,4.8,3.3
44000,RHODE ISLAND,2004,76.0,81.5,76.1,81.5,72.8,81.0,4.8,3.3
44000,RHODE ISLAND,2005,76.2,81.3,76.3,81.3,72.1,79.2,4.8,3.3
44000,RHODE ISLAND,2006,76.4,81.9,76.3,81.9,77.4,80.9,4.8,3.3
44000,RHODE ISLAND,2007,76.6,81.6,76.7,81.5,75.2,79.5,4.8,3.3
44000,RHODE ISLAND,2008,76.4,81.9,76.6,81.9,73.0,85.7,4.8,3.3
44000,RHODE ISLAND,2009,77.0,82.3,77.1,82.3,75.9,80.9,4.8,3.3
45000,SOUTH CAROLINA,1987,69.1,76.7,71.0,78.2,63.9,72.8,4.9,3.5
45000,SOUTH CAROLINA,1988,69.2,76.6,71.2,78.3,63.6,72.4,4.9,3.5
45000,SOUTH CAROLINA,1989,69.2,77.2,71.3,78.9,63.6,72.9,4.9,3.5
45000,SOUTH CAROLINA,1990,69.7,77.2,71.8,78.7,63.9,73.4,4.9,3.5
45000,SOUTH CAROLINA,1991,69.9,77.4,71.8,79.1,64.6,73.2,4.9,3.5
45000,SOUTH CAROLINA,1992,70.1,77.8,72.2,79.4,64.7,73.9,4.9,3.5
45000,SOUTH CAROLINA,1993,70.1,77.7,72.3,79.3,64.4,73.7,4.9,3.5
45000,SOUTH CAROLINA,1994,70.5,77.7,72.6,79.3,65.2,73.8,4.9,3.5
45000,SOUTH CAROLINA,1995,70.5,77.8,72.3,79.3,65.7,74.0,4.9,3.5
45000,SOUTH CAROLINA,1996,70.8,77.7,72.9,79.3,65.3,73.7,4.9,3.5
45000,SOUTH CAROLINA,1997,71.3,78.3,73.3,79.9,66.1,74.4,4.9,3.5
45000,SOUTH CAROLINA,1998,71.6,78.0,73.5,79.5,66.5,74.2,4.9,3.5
45000,SOUTH CAROLINA,1999,71.6,77.9,73.4,79.2,66.6,74.7,4.9,3.5
45000,SOUTH CAROLINA,2000,71.6,78.0,73.2,79.3,67.0,74.7,4.9,3.5
45000,SOUTH CAROLINA,2001,71.9,78.3,73.6,79.5,66.9,75.1,4.9,3.5
45000,SOUTH CAROLINA,2002,72.0,78.4,73.6,79.7,67.5,75.1,4.9,3.5
45000,SOUTH CAROLINA,2003,72.3,78.4,73.8,79.5,67.7,75.4,4.9,3.5
45000,SOUTH CAROLINA,2004,72.8,78.7,74.2,80.0,68.4,75.4,4.9,3.5
45000,SOUTH CAROLINA,2005,72.6,78.8,74.0,79.8,68.3,76.0,4.9,3.5
45000,SOUTH CAROLINA,2006,72.8,78.9,74.4,80.0,68.1,76.1,4.9,3.5
45000,SOUTH CAROLINA,2007,73.1,79.2,74.6,80.2,68.7,76.3,4.9,3.5
45000,SOUTH CAROLINA,2008,73.8,79.6,75.1,80.4,69.7,77.4,4.9,3.5
45000,SOUTH CAROLINA,2009,74.0,80.2,75.2,81.0,70.1,77.7,4.9,3.5
46000,SOUTH DAKOTA,1987,72.7,80.1,73.5,81.1,,,4.1,2.3
46000,SOUTH DAKOTA,1988,72.9,80.6,73.9,81.2,,,4.1,2.3
46000,SOUTH DAKOTA,1989,73.1,80.8,74.2,81.8,,,4.1,2.3
46000,SOUTH DAKOTA,1990,73.3,81.4,74.7,82.2,,,4.1,2.3
46000,SOUTH DAKOTA,1991,73.1,81.3,74.1,82.0,,,4.1,2.3
46000,SOUTH DAKOTA,1992,73.6,80.2,74.8,81.1,,,4.1,2.3
46000,SOUTH DAKOTA,1993,73.1,80.8,74.1,81.9,,,4.1,2.3
46000,SOUTH DAKOTA,1994,73.6,81.2,74.8,82.0,,,4.1,2.3
46000,SOUTH DAKOTA,1995,74.0,80.4,75.1,81.3,,,4.1,2.3
46000,SOUTH DAKOTA,1996,74.0,81.1,74.9,81.8,,,4.1,2.3
46000,SOUTH DAKOTA,1997,74.3,81.3,75.5,82.1,,,4.1,2.3
46000,SOUTH DAKOTA,1998,74.5,80.4,75.7,81.2,,,4.1,2.3
46000,SOUTH DAKOTA,1999,74.7,80.6,75.7,81.4,,,4.1,2.3
46000,SOUTH DAKOTA,2000,75.1,81.2,76.3,82.0,,,4.1,2.3
46000,SOUTH DAKOTA,2001,74.8,81.5,75.8,82.3,,,4.1,2.3
46000,SOUTH DAKOTA,2002,75.7,81.2,76.8,82.3,,,4.1,2.3
46000,SOUTH DAKOTA,2003,75.1,80.9,76.3,82.0,,,4.1,2.3
46000,SOUTH DAKOTA,2004,76.1,81.4,77.4,82.6,,,4.1,2.3
46000,SOUTH DAKOTA,2005,75.4,81.1,76.6,81.8,,,4.1,2.3
46000,SOUTH DAKOTA,2006,75.9,81.7,77.2,82.6,,,4.1,2.3
46000,SOUTH DAKOTA,2007,76.9,82.2,77.9,83.2,,,4.1,2.3
46000,SOUTH DAKOTA,2008,76.4,81.8,77.4,82.6,,,4.1,2.3
46000,SOUTH DAKOTA,2009,76.8,82.4,77.9,83.3,,,4.1,2.3
47000,TENNESSEE,1987,69.9,77.9,70.8,78.8,63.7,72.8,3.7,1.1
47000,TENNESSEE,1988,70.0,77.8,70.9,78.6,64.4,72.7,3.7,1.1
47000,TENNESSEE,1989,70.3,78.2,71.3,79.1,63.9,73.4,3.7,1.1
47000,TENNESSEE,1990,70.3,78.1,71.3,79.1,63.9,72.7,3.7,1.1
47000,TENNESSEE,1991,70.6,78.3,71.6,79.3,64.5,72.8,3.7,1.1
47000,TENNESSEE,1992,71.0,78.5,72.1,79.4,64.2,73.4,3.7,1.1
47000,TENNESSEE,1993,70.6,78.0,71.7,78.9,63.9,73.1,3.7,1.1
47000,TENNESSEE,1994,70.8,77.8,71.9,78.6,64.7,73.4,3.7,1.1
47000,TENNESSEE,1995,70.7,78.1,71.9,79.0,63.6,73.1,3.7,1.1
47000,TENNESSEE,1996,71.2,78.2,72.3,79.0,64.6,73.6,3.7,1.1
47000,TENNESSEE,1997,71.4,78.2,72.4,79.1,65.3,73.2,3.7,1.1
47000,TENNESSEE,1998,71.6,78.0,72.4,78.7,66.0,73.8,3.7,1.1
47000,TENNESSEE,1999,71.9,78.2,72.8,79.0,66.4,73.6,3.7,1.1
47000,TENNESSEE,2000,71.7,77.9,72.6,78.6,65.9,73.4,3.7,1.1
47000,TENNESSEE,2001,72.1,77.9,73.0,78.7,66.7,73.7,3.7,1.1
47000,TENNESSEE,2002,72.0,77.8,72.8,78.5,66.5,74.0,3.7,1.1
47000,TENNESSEE,2003,72.0,77.9,72.7,78.5,67.1,74.0,3.7,1.1
47000,TENNESSEE,2004,72.4,78.2,73.1,78.7,67.9,75.1,3.7,1.1
47000,TENNESSEE,2005,72.3,78.2,73.1,78.7,67.0,75.1,3.7,1.1
47000,TENNESSEE,2006,72.6,78.4,73.3,79.0,67.4,75.1,3.7,1.1
47000,TENNESSEE,2007,72.9,78.9,73.6,79.4,68.1,75.8,3.7,1.1
47000,TENNESSEE,2008,73.3,78.8,74.0,79.3,69.1,75.8,3.7,1.1
47000,TENNESSEE,2009,73.5,79.1,74.2,79.4,69.0,76.6,3.7,1.1
48000,TEXAS,1987,71.3,78.7,71.9,79.2,66.1,74.0,4.6,2.2
48000,TEXAS,1988,71.2,78.6,71.8,79.2,65.7,73.9,4.6,2.2
48000,TEXAS,1989,71.3,78.7,71.9,79.3,65.0,74.0,4.6,2.2
48000,TEXAS,1990,71.4,78.9,72.1,79.5,65.0,74.0,4.6,2.2
48000,TEXAS,1991,71.6,79.1,72.3,79.7,65.2,74.0,4.6,2.2
48000,TEXAS,1992,71.9,79.2,72.6,79.7,65.2,74.4,4.6,2.2
48000,TEXAS,1993,71.9,79.1,72.6,79.6,65.2,74.2,4.6,2.2
48000,TEXAS,1994,72.1,79.3,72.8,79.8,65.8,75.0,4.6,2.2
48000,TEXAS,1995,72.6,79.3,73.2,79.8,66.7,74.6,4.6,2.2
48000,TEXAS,1996,73.0,79.3,73.5,79.8,67.1,74.8,4.6,2.2
48000,TEXAS,1997,73.3,79.3,73.8,79.7,67.8,75.1,4.6,2.2
48000,TEXAS,1998,73.7,79.5,74.2,79.9,67.9,75.0,4.6,2.2
48000,TEXAS,1999,74.0,79.4,74.4,79.8,68.7,74.9,4.6,2.2
48000,TEXAS,2000,74.1,79.3,74.5,79.7,68.6,74.9,4.6,2.2
48000,TEXAS,2001,74.1,79.4,74.5,79.8,68.7,74.8,4.6,2.2
48000,TEXAS,2002,74.1,79.3,74.5,79.7,68.5,74.7,4.6,2.2
48000,TEXAS,2003,74.4,79.6,74.8,80.0,68.9,75.0,4.6,2.2
48000,TEXAS,2004,74.8,80.1,75.2,80.5,69.2,75.8,4.6,2.2
48000,TEXAS,2005,74.9,80.0,75.3,80.4,69.4,75.5,4.6,2.2
48000,TEXAS,2006,75.4,80.3,75.7,80.6,70.0,76.5,4.6,2.2
48000,TEXAS,2007,75.3,80.4,75.6,80.7,70.5,76.9,4.6,2.2
48000,TEXAS,2008,75.5,80.4,75.6,80.6,71.6,77.3,4.6,2.2
48000,TEXAS,2009,75.9,80.8,76.1,81.1,71.3,77.2,4.6,2.2
49000,UTAH,1987,74.3,79.7,74.4,79.6,,,4.4,2.5
49000,UTAH,1988,74.5,80.0,74.5,80.1,,,4.4,2.5
49000,UTAH,1989,75.0,80.2,75.1,80.4,,,4.4,2.5
49000,UTAH,1990,75.1,81.1,75.1,81.1,,,4.4,2.5
49000,UTAH,1991,75.1,80.8,75.2,80.8,,,4.4,2.5
49000,UTAH,1992,75.7,81.0,75.7,81.0,,,4.4,2.5
49000,UTAH,1993,75.4,80.5,75.5,80.5,,,4.4,2.5
49000,UTAH,1994,75.4,81.1,75.6,81.1,,,4.4,2.5
49000,UTAH,1995,75.8,80.6,75.9,80.6,,,4.4,2.5
49000,UTAH,1996,75.9,81.0,76.0,81.1,,,4.4,2.5
49000,UTAH,1997,76.2,80.8,76.2,80.9,,,4.4,2.5
49000,UTAH,1998,76.2,80.9,76.1,80.9,,,4.4,2.5
49000,UTAH,1999,76.3,80.8,76.4,80.8,,,4.4,2.5
49000,UTAH,2000,76.6,80.7,76.6,80.7,,,4.4,2.5
49000,UTAH,2001,76.7,80.9,76.8,80.9,,,4.4,2.5
49000,UTAH,2002,76.5,80.8,76.5,80.8,,,4.4,2.5
49000,UTAH,2003,76.8,80.8,76.8,80.8,,,4.4,2.5
49000,UTAH,2004,76.9,81.0,76.9,80.9,,,4.4,2.5
49000,UTAH,2005,77.6,81.3,77.7,81.3,,,4.4,2.5
49000,UTAH,2006,77.6,81.4,77.6,81.4,,,4.4,2.5
49000,UTAH,2007,77.5,81.5,77.6,81.4,,,4.4,2.5
49000,UTAH,2008,78.4,82.3,78.5,82.3,,,4.4,2.5
49000,UTAH,2009,78.8,82.2,78.7,82.2,,,4.4,2.5
50000,VERMONT,1987,72.2,78.2,72.1,78.3,,,6.3,4.5
50000,VERMONT,1988,73.0,79.2,73.0,79.2,,,6.3,4.5
50000,VERMONT,1989,72.8,79.6,72.8,79.6,,,6.3,4.5
50000,VERMONT,1990,73.3,80.2,73.3,80.2,,,6.3,4.5
50000,VERMONT,1991,74.0,79.8,74.0,79.8,,,6.3,4.5
50000,VERMONT,1992,73.3,80.1,73.3,80.1,,,6.3,4.5
50000,VERMONT,1993,73.4,79.8,73.4,79.7,,,6.3,4.5
50000,VERMONT,1994,74.5,80.4,74.4,80.4,,,6.3,4.5
50000,VERMONT,1995,73.9,80.2,73.9,80.2,,,6.3,4.5
50000,VERMONT,1996,74.9,80.3,74.9,80.3,,,6.3,4.5
50000,VERMONT,1997,75.2,80.2,75.1,80.2,,,6.3,4.5
50000,VERMONT,1998,75.1,81.3,75.1,81.4,,,6.3,4.5
50000,VERMONT,1999,75.6,80.4,75.5,80.5,,,6.3,4.5
50000,VERMONT,2000,75.9,80.5,75.9,80.4,,,6.3,4.5
50000,VERMONT,2001,76.3,79.9,76.3,79.8,,,6.3,4.5
50000,VERMONT,2002,76.5,81.3,76.5,81.3,,,6.3,4.5
50000,VERMONT,2003,76.9,81.0,76.8,80.9,,,6.3,4.5
50000,VERMONT,2004,77.0,81.8,76.9,81.8,,,6.3,4.5
50000,VERMONT,2005,77.1,81.8,77.1,81.6,,,6.3,4.5
50000,VERMONT,2006,77.3,81.9,77.2,81.9,,,6.3,4.5
50000,VERMONT,2007,77.4,81.6,77.3,81.6,,,6.3,4.5
50000,VERMONT,2008,77.4,82.1,77.4,82.1,,,6.3,4.5
50000,VERMONT,2009,78.4,82.8,78.3,82.8,,,6.3,4.5
51000,VIRGINIA,1987,71.2,78.1,72.4,79.0,65.3,73.5,5.2,3.0
51000,VIRGINIA,1988,71.2,78.3,72.4,79.3,64.9,73.5,5.2,3.0
51000,VIRGINIA,1989,71.7,78.4,73.0,79.5,65.3,73.3,5.2,3.0
51000,VIRGINIA,1990,71.8,78.6,73.1,79.5,65.3,74.4,5.2,3.0
51000,VIRGINIA,1991,71.8,78.7,73.2,79.5,65.2,74.4,5.2,3.0
51000,VIRGINIA,1992,72.3,79.0,73.6,80.0,66.1,74.3,5.2,3.0
51000,VIRGINIA,1993,72.2,78.8,73.5,79.7,65.7,74.5,5.2,3.0
51000,VIRGINIA,1994,72.4,78.8,73.7,79.7,66.2,74.5,5.2,3.0
51000,VIRGINIA,1995,72.8,78.9,74.1,79.9,66.5,74.4,5.2,3.0
51000,VIRGINIA,1996,73.2,79.1,74.4,80.0,66.9,74.8,5.2,3.0
51000,VIRGINIA,1997,73.5,79.3,74.7,80.1,67.5,75.2,5.2,3.0
51000,VIRGINIA,1998,73.9,79.3,74.9,80.2,68.4,75.5,5.2,3.0
51000,VIRGINIA,1999,74.1,79.4,75.2,80.3,68.3,75.5,5.2,3.0
51000,VIRGINIA,2000,74.3,79.3,75.3,80.0,68.9,75.8,5.2,3.0
51000,VIRGINIA,2001,74.6,79.6,75.6,80.3,68.9,75.8,5.2,3.0
51000,VIRGINIA,2002,74.6,79.7,75.5,80.5,69.4,75.9,5.2,3.0
51000,VIRGINIA,2003,74.6,79.8,75.6,80.5,68.8,76.1,5.2,3.0
51000,VIRGINIA,2004,75.3,80.2,76.1,80.9,70.0,76.4,5.2,3.0
51000,VIRGINIA,2005,75.4,80.1,76.3,80.6,69.9,77.0,5.2,3.0
51000,VIRGINIA,2006,75.7,80.6,76.4,81.2,70.9,77.2,5.2,3.0
51000,VIRGINIA,2007,75.8,80.7,76.6,81.3,70.3,77.4,5.2,3.0
51000,VIRGINIA,2008,76.2,80.9,76.8,81.5,72.0,77.7,5.2,3.0
51000,VIRGINIA,2009,76.4,81.1,77.1,81.5,71.6,78.3,5.2,3.0
53000,WASHINGTON,1987,73.1,79.4,73.1,79.5,67.5,74.7,4.7,2.5
53000,WASHINGTON,1988,73.1,79.4,73.2,79.6,67.4,73.2,4.7,2.5
53000,WASHINGTON,1989,73.7,79.6,73.9,79.6,68.1,74.7,4.7,2.5
53000,WASHINGTON,1990,73.7,79.9,73.8,79.9,67.8,76.1,4.7,2.5
53000,WASHINGTON,1991,74.2,80.1,74.3,80.2,68.8,75.3,4.7,2.5
53000,WASHINGTON,1992,74.1,80.3,74.3,80.4,69.6,75.8,4.7,2.5
53000,WASHINGTON,1993,74.0,80.2,74.1,80.3,68.1,75.1,4.7,2.5
53000,WASHINGTON,1994,74.3,80.3,74.4,80.4,66.4,77.7,4.7,2.5
53000,WASHINGTON,1995,74.7,80.3,74.8,80.4,70.0,76.0,4.7,2.5
53000,WASHINGTON,1996,74.7,80.3,74.8,80.3,68.5,76.9,4.7,2.5
53000,WASHINGTON,1997,75.5,80.4,75.6,80.4,70.0,77.2,4.7,2.5
53000,WASHINGTON,1998,75.5,80.5,75.6,80.5,70.5,76.8,4.7,2.5
53000,WASHINGTON,1999,75.7,80.6,75.8,80.6,70.0,76.2,4.7,2.5
53000,WASHINGTON,2000,76.0,80.8,75.9,80.7,72.1,76.7,4.7,2.5
53000,WASHINGTON,2001,76.1,80.5,76.0,80.4,71.9,78.3,4.7,2.5
53000,WASHINGTON,2002,76.1,80.8,76.1,80.8,73.1,77.3,4.7,2.5
53000,WASHINGTON,2003,76.3,80.8,76.3,80.8,71.1,78.1,4.7,2.5
53000,WASHINGTON,2004,76.8,81.2,76.8,81.0,73.9,79.7,4.7,2.5
53000,WASHINGTON,2005,76.8,81.3,76.8,81.2,72.0,77.9,4.7,2.5
53000,WASHINGTON,2006,77.2,81.5,77.3,81.4,72.7,77.5,4.7,2.5
53000,WASHINGTON,2007,77.4,81.5,77.3,81.5,73.1,78.1,4.7,2.5
53000,WASHINGTON,2008,77.4,81.5,77.4,81.5,74.2,78.8,4.7,2.5
53000,WASHINGTON,2009,77.8,81.9,77.7,81.7,76.0,79.5,4.7,2.5
54000,WEST VIRGINIA,1987,70.0,77.7,70.0,77.8,66.3,75.1,2.5,0.4
54000,WEST VIRGINIA,1988,70.4,77.3,70.5,77.5,64.0,71.5,2.5,0.4
54000,WEST VIRGINIA,1989,70.4,77.7,70.5,77.8,65.4,72.9,2.5,0.4
54000,WEST VIRGINIA,1990,70.7,78.4,70.8,78.4,63.1,74.3,2.5,0.4
54000,WEST VIRGINIA,1991,70.6,77.9,70.8,78.0,64.4,73.5,2.5,0.4
54000,WEST VIRGINIA,1992,71.1,77.8,71.2,77.9,63.7,70.9,2.5,0.4
54000,WEST VIRGINIA,1993,71.0,77.7,71.1,77.9,63.9,73.0,2.5,0.4
54000,WEST VIRGINIA,1994,71.6,78.0,71.9,78.2,62.9,73.1,2.5,0.4
54000,WEST VIRGINIA,1995,71.6,78.2,71.8,78.3,64.3,74.8,2.5,0.4
54000,WEST VIRGINIA,1996,71.7,78.1,71.9,78.2,64.9,76.0,2.5,0.4
54000,WEST VIRGINIA,1997,71.8,77.8,71.9,77.8,67.5,75.7,2.5,0.4
54000,WEST VIRGINIA,1998,72.0,77.9,72.1,78.1,66.7,72.7,2.5,0.4
54000,WEST VIRGINIA,1999,72.2,78.0,72.2,78.1,71.5,74.6,2.5,0.4
54000,WEST VIRGINIA,2000,72.3,77.8,72.3,77.8,69.7,74.4,2.5,0.4
54000,WEST VIRGINIA,2001,72.4,77.9,72.4,78.0,67.7,74.3,2.5,0.4
54000,WEST VIRGINIA,2002,71.9,77.9,72.0,77.9,67.6,75.8,2.5,0.4
54000,WEST VIRGINIA,2003,72.1,77.7,72.2,77.7,65.6,75.2,2.5,0.4
54000,WEST VIRGINIA,2004,72.5,77.8,72.4,77.8,73.2,73.9,2.5,0.4
54000,WEST VIRGINIA,2005,72.5,77.8,72.5,77.8,67.7,74.5,2.5,0.4
54000,WEST VIRGINIA,2006,72.3,78.2,72.3,78.3,66.1,73.2,2.5,0.4
54000,WEST VIRGINIA,2007,72.0,77.9,72.1,77.9,67.8,77.5,2.5,0.4
54000,WEST VIRGINIA,2008,72.4,78.0,72.4,78.0,68.5,74.7,2.5,0.4
54000,WEST VIRGINIA,2009,72.5,78.1,72.4,78.2,69.6,74.7,2.5,0.4
55000,WISCONSIN,1987,73.1,79.9,73.4,80.2,65.3,73.0,4.4,2.5
55000,WISCONSIN,1988,73.2,79.8,73.5,80.0,65.8,75.8,4.4,2.5
55000,WISCONSIN,1989,73.6,80.0,73.9,80.2,66.1,75.6,4.4,2.5
55000,WISCONSIN,1990,73.7,80.1,74.1,80.4,64.8,74.2,4.4,2.5
55000,WISCONSIN,1991,73.7,80.4,74.1,80.6,65.4,75.2,4.4,2.5
55000,WISCONSIN,1992,74.4,80.7,74.8,81.0,66.0,75.4,4.4,2.5
55000,WISCONSIN,1993,74.0,80.3,74.4,80.6,66.4,74.4,4.4,2.5
55000,WISCONSIN,1994,74.2,80.3,74.7,80.7,65.6,73.7,4.4,2.5
55000,WISCONSIN,1995,74.5,80.4,74.9,80.7,64.7,74.3,4.4,2.5
55000,WISCONSIN,1996,74.7,80.6,75.1,80.9,66.7,74.9,4.4,2.5
55000,WISCONSIN,1997,75.0,80.8,75.4,81.1,67.5,74.9,4.4,2.5
55000,WISCONSIN,1998,75.0,80.5,75.5,80.8,66.7,75.1,4.4,2.5
55000,WISCONSIN,1999,75.0,80.6,75.4,81.0,67.1,75.3,4.4,2.5
55000,WISCONSIN,2000,75.5,80.7,75.9,81.0,66.6,73.9,4.4,2.5
55000,WISCONSIN,2001,75.5,80.8,75.9,81.1,67.6,76.8,4.4,2.5
55000,WISCONSIN,2002,75.6,80.8,76.1,81.1,67.2,76.4,4.4,2.5
55000,WISCONSIN,2003,76.0,81.3,76.4,81.7,67.7,75.6,4.4,2.5
55000,WISCONSIN,2004,76.3,81.5,76.7,82.0,68.7,73.8,4.4,2.5
55000,WISCONSIN,2005,76.4,81.2,76.9,81.6,67.2,76.0,4.4,2.5
55000,WISCONSIN,2006,76.6,81.4,77.0,81.9,68.2,74.3,4.4,2.5
55000,WISCONSIN,2007,76.7,81.6,77.1,82.1,68.6,75.2,4.4,2.5
55000,WISCONSIN,2008,76.9,81.9,77.3,82.3,69.2,75.6,4.4,2.5
55000,WISCONSIN,2009,77.4,82.4,77.9,82.8,68.9,76.6,4.4,2.5
56000,WYOMING,1987,73.4,79.6,73.6,79.7,,,2.5,1.2
56000,WYOMING,1988,72.5,79.4,72.7,79.6,,,2.5,1.2
56000,WYOMING,1989,73.0,78.9,73.2,79.1,,,2.5,1.2
56000,WYOMING,1990,73.1,79.4,73.2,79.6,,,2.5,1.2
56000,WYOMING,1991,74.1,79.6,74.3,79.8,,,2.5,1.2
56000,WYOMING,1992,73.3,79.7,73.6,79.9,,,2.5,1.2
56000,WYOMING,1993,73.3,79.7,73.6,79.8,,,2.5,1.2
56000,WYOMING,1994,73.7,79.3,73.9,79.5,,,2.5,1.2
56000,WYOMING,1995,73.0,79.8,73.2,80.1,,,2.5,1.2
56000,WYOMING,1996,74.4,79.7,74.5,79.8,,,2.5,1.2
56000,WYOMING,1997,73.9,80.3,74.1,80.5,,,2.5,1.2
56000,WYOMING,1998,74.7,79.3,75.0,79.6,,,2.5,1.2
56000,WYOMING,1999,74.1,79.2,74.4,79.3,,,2.5,1.2
56000,WYOMING,2000,75.1,79.3,75.3,79.5,,,2.5,1.2
56000,WYOMING,2001,74.6,79.6,74.8,79.7,,,2.5,1.2
56000,WYOMING,2002,74.5,79.3,74.6,79.3,,,2.5,1.2
56000,WYOMING,2003,74.5,79.9,74.8,80.2,,,2.5,1.2
56000,WYOMING,2004,75.5,79.8,75.7,80.0,,,2.5,1.2
56000,WYOMING,2005,74.9,79.9,74.8,80.1,,,2.5,1.2
56000,WYOMING,2006,74.8,79.2,75.1,79.6,,,2.5,1.2
56000,WYOMING,2007,74.8,79.9,75.0,80.0,,,2.5,1.2
56000,WYOMING,2008,75.6,80.3,75.8,80.3,,,2.5,1.2
56000,WYOMING,2009,75.9,80.7,76.1,80.9,,,2.5,1.2
